object_id,f_min_label_N,f_max_label_N,label_source,is_measured,value_basis,evidence,f_max_basis,f_min_semantics,f_min_single_N,f_max_semantics,f_max_total_N,conversion_rule
FRA001,1.5,,ExpForce同型实测(Glass tumbler; f_min=1.5N),0,同型实测,"ExpForce_dataset_官方原始.csv (UT Austin; LEGATO两指爪+FORTE触觉指实测夹持力) | 文献参照: GraspSense玻璃高脚杯杯碗安全夹持69N(arXiv:2604.05697), 厚壁直筒杯更强",[0821删] 原估算值3.0N(两指法向力之和(估算)),两指法向力之和,0.75,未找到实测,,F_single = F_total/2 (SAFETYVTLA默认)
FRA002,1.5,69.0,同型转移(玻璃杯),0,近似转移,ExpForce同类参照: Glass tumbler 1.5N (薄壁差异) | GraspSense arXiv:2604.05697: 玻璃高脚杯杯碗69N; 薄壁玻璃杯近似采用; https://arxiv.org/html/2604.05697v1,"文献近似(GraspSense玻璃杯碗69N,薄壁直筒杯近似)",两指法向力之和,0.75,"夹持安全力(总/单指未确认,保守按合力)",69.0,F_single = F_total/2 (SAFETYVTLA默认)
FRA003,1.0,69.0,ExpForce同型实测(Wine glass; f_min=1.0N),0,同型实测,ExpForce_dataset_官方原始.csv (UT Austin; LEGATO两指爪+FORTE触觉指实测夹持力) | GraspSense arXiv:2604.05697: 玻璃高脚杯杯碗接触69N/杯茎接触565N; https://arxiv.org/html/2604.05697v1,文献实测(GraspSense玻璃高脚杯杯碗接触最大安全夹持力),两指法向力之和,0.5,"夹持安全力(总/单指未确认,保守按合力)",69.0,F_single = F_total/2 (SAFETYVTLA默认)
FRA004,,,未找到实测,0,未找到实测, | [0821删] 原近似转移值0.75N(近似转移(玻璃空心器皿)),[0821删] 原估算值1.5N(两指法向力之和(估算)),,,未找到实测,,F_single = F_total/2 (SAFETYVTLA默认)
FRA005,2.5,,同型转移(玻璃汽水瓶),0,近似转移,ExpForce同类参照: Glass Coca-Cola bottle 2.5N (满瓶) | 文献参照: 小玻璃瓶径向挤压>=1067N(Read Consulting 2010); https://readconsulting.com/glass-expert-discusses-glass-bottle-strength/,[0821删] 原估算值5.0N(两指法向力之和(估算)),两指法向力之和,1.25,未找到实测,,F_single = F_total/2 (SAFETYVTLA默认)
FRA006,0.75,,ExpForce同型实测(Blueberry jam jar (Empty); f_min=0.75N),0,同型实测,ExpForce_dataset_官方原始.csv (UT Austin; LEGATO两指爪+FORTE触觉指实测夹持力),[0821删] 原估算值1.5N(两指法向力之和(估算)),两指法向力之和,0.375,未找到实测,,F_single = F_total/2 (SAFETYVTLA默认)
FRA007,,,未找到实测,0,未找到实测, | [0821删] 原近似转移值0.75N(近似转移(薄壁玻璃器皿)),[0821删] 原估算值1.5N(两指法向力之和(估算)),,,未找到实测,,F_single = F_total/2 (SAFETYVTLA默认)
FRA008,,,未找到实测,0,未找到实测, | [0821删] 原近似转移值1.5N(近似转移(厚壁玻璃)),[0821删] 原估算值3.0N(两指法向力之和(估算)),,,未找到实测,,F_single = F_total/2 (SAFETYVTLA默认)
FRA009,,,未找到实测,0,未找到实测, | [0821删] 原近似转移值1.0N(近似转移(薄壁玻璃饰品)),[0821删] 原估算值2.0N(两指法向力之和(估算)),,,未找到实测,,F_single = F_total/2 (SAFETYVTLA默认)
FRA010,1.5,,ExpForce同型实测(Ceramic mug; f_min=1.5N),0,同型实测,"ExpForce_dataset_官方原始.csv (UT Austin; LEGATO两指爪+FORTE触觉指实测夹持力) | 文献参照: Pi0以5.8N平均力成功夹持陶瓷杯(94%成功率,CSDN 2026,安全下界非损伤阈值); https://blog.csdn.net/weixin_35459464/article/details/158020767",[0821删] 原估算值3.0N(两指法向力之和(估算)),两指法向力之和,0.75,未找到实测,,F_single = F_total/2 (SAFETYVTLA默认)
FRA011,1.5,,同型转移(陶瓷杯),0,近似转移,,[0821删] 原估算值3.0N(两指法向力之和(估算)),两指法向力之和,0.75,未找到实测,,F_single = F_total/2 (SAFETYVTLA默认)
FRA012,,,未找到实测,0,未找到实测, | [0821删] 原近似转移值1.5N(近似转移(陶瓷餐具)),[0821删] 原估算值3.0N(两指法向力之和(估算)),,,未找到实测,,F_single = F_total/2 (SAFETYVTLA默认)
FRA013,,,未找到实测,0,未找到实测, | [0821删] 原近似转移值1.5N(近似转移(陶瓷餐具)),[0821删] 原估算值3.0N(两指法向力之和(估算)),,,未找到实测,,F_single = F_total/2 (SAFETYVTLA默认)
FRA014,,,未找到实测,0,未找到实测, | [0821删] 原近似转移值1.5N(近似转移(陶瓷摆件)),[0821删] 原估算值3.0N(两指法向力之和(估算)),,,未找到实测,,F_single = F_total/2 (SAFETYVTLA默认)
FRA015,,,未找到实测,0,未找到实测, | [0821删] 原近似转移值1.5N(近似转移(陶瓷摆件)),[0821删] 原估算值3.0N(两指法向力之和(估算)),,,未找到实测,,F_single = F_total/2 (SAFETYVTLA默认)
FRA016,0.25,2.1,ExpForce同型实测(Medium paper cup; f_min=0.25N),0,同型实测,"ExpForce_dataset_官方原始.csv (UT Austin; LEGATO两指爪+FORTE触觉指实测夹持力) | 文献参照: 纸杯轴向抗压344-480N(上海质检院2026, 顶压堆叠语义, 非侧捏); https://m.gmw.cn/2026-02/10/content_1304338843.htm | GB/T 27590-2011 纸杯: <=250mL合格品>=2.10N/一等品>=2.60N/优等品>=3.00N; http://www.xktest.com/news/s57233.html","国标实测(杯身挺度,径向对压9.5mm变形,合格品下限)",两指法向力之和,0.125,单指法向力(双板对压),4.2,F_single = F_total/2 (SAFETYVTLA默认)
FRA017,,,未找到实测,0,未找到实测,"文献参照: 空罐侧壁整体屈曲635-985N(LS-DYNA), 局部凹陷阈值远低于此, 无实测凹陷值 | [0821删] 原近似转移值0.5N(近似转移(薄壁空心,待实测复核))",[0821删] 原估算值1.0N(两指法向力之和(估算)),,,未找到实测,,F_single = F_total/2 (SAFETYVTLA默认)
FRA018,,,未找到实测,0,未找到实测, | [0821删] 原近似转移值0.5N(近似转移(薄壁空心壳)),[0821删] 原估算值1.0N(两指法向力之和(估算)),,,未找到实测,,F_single = F_total/2 (SAFETYVTLA默认)
FRA019,0.5,2.4,同型转移(密封零食袋),0,近似转移,"文献参照: 单片薯片三点弯曲断裂0.55-2.86N, 压入测试6.1-8.5N(Xu&Kerr2012 LWT DOI:10.1016/j.lwt.2012.02.019); 整袋受压分布不同 | Mao et al. 2024, Advanced Intelligent Systems 6(8) DOI:10.1002/aisy.202400175, 仿生光纤触觉指实测最大损伤力; https://onlinelibrary.wiley.com/doi/full/10.1002/aisy.202400175; 袋装受力经袋分布, 取单片阈值为保守值","文献近似(单片薯片损伤力,密封袋近似)",两指法向力之和,0.25,单指法向力(压头加载),4.8,F_total = 2×F_single (SAFETYVTLA默认反算)
FRA020,2.0,,同型转移(薄脆饼干盒),0,近似转移,,[0821删] 原估算值4.0N(两指法向力之和(估算)),两指法向力之和,1,未找到实测,,F_single = F_total/2 (SAFETYVTLA默认)
FRA021,,,未找到实测,0,未找到实测, | [0821删] 原近似转移值1.0N(近似转移(脆零食盒)),[0821删] 原估算值2.0N(两指法向力之和(估算)),,,未找到实测,,F_single = F_total/2 (SAFETYVTLA默认)
FRA022,,,未找到实测,0,未找到实测, | [0821删] 原近似转移值0.5N(近似转移(密封零食袋)),[0821删] 原估算值1.0N(两指法向力之和(估算)),,,未找到实测,,F_single = F_total/2 (SAFETYVTLA默认)
FRA023,,,未找到实测,0,未找到实测, | [0821删] 原近似转移值0.25N(近似转移(脆皮烘焙)),[0821删] 原估算值0.5N(两指法向力之和(估算)),,,未找到实测,,F_single = F_total/2 (SAFETYVTLA默认)
FRA024,0.5,42.0,ExpForce同型实测(Large brown egg; f_min=0.5N),0,同型实测,"ExpForce_dataset_官方原始.csv (UT Austin; LEGATO两指爪+FORTE触觉指实测夹持力) | 鸡蛋壳平板压缩破碎力42-51N: De Ketelaere2002 Br Poult Sci 43:238; Altuntas&Sekeroglu2008 DOI:10.1111/j.1745-4530.2008.00263.x; Sutanto2025 Commun Phys 8:182 DOI:10.1038/s42005-025-02087-0 | 参照: 软指夹爪以0.12N成功夹持鸡蛋(Mun2024 SORB DOI:10.1089/soro.2023.0068, 安全下界); FORTE软指0-8N范围抓薯片/树莓98.6%成功(arXiv:2506.18960)",文献实测(平板压缩破碎力下限),两指法向力之和,0.25,单指法向力(平板压缩),84,F_total = 2×F_single (SAFETYVTLA默认反算)
FRA025,0.5,,同型转移(蛋类),0,近似转移,"ExpForce同类参照: Large brown egg 0.5N (皮蛋) | 文献参照: 鸡蛋壳压缩42-51N(见FRA024来源), 皮蛋壳未单独实测",[0821删] 原估算值1.0N(两指法向力之和(估算)),两指法向力之和,0.25,未找到实测,,F_single = F_total/2 (SAFETYVTLA默认)
FRA026,,,未找到实测,0,未找到实测, | [0821删] 原近似转移值0.5N(近似转移(薄壳)),[0821删] 原估算值1.0N(两指法向力之和(估算)),,,未找到实测,,F_single = F_total/2 (SAFETYVTLA默认)
FRA027,,,未找到实测,0,未找到实测,文献参照: 干面条单根三点弯曲断裂0.30-0.73N(Cai2023 Foods 12:55 DOI:10.3390/foods12010055); 整束未实测 | [0821删] 原近似转移值0.25N(近似转移(脆性捆扎物)),[0821删] 原估算值0.5N(两指法向力之和(估算)),,,未找到实测,,F_single = F_total/2 (SAFETYVTLA默认)
FRA028,,,未找到实测,0,未找到实测, | [0821删] 原近似转移值0.5N(近似转移(脆性文具)),[0821删] 原估算值1.0N(两指法向力之和(估算)),,,未找到实测,,F_single = F_total/2 (SAFETYVTLA默认)
FRA029,,,未找到实测,0,未找到实测, | [0821删] 原近似转移值0.5N(近似转移(脆性柱体)),[0821删] 原估算值1.0N(两指法向力之和(估算)),,,未找到实测,,F_single = F_total/2 (SAFETYVTLA默认)
FRA030,,,未找到实测,0,未找到实测, | [0821删] 原近似转移值0.5N(近似转移(石膏脆性)),[0821删] 原估算值1.0N(两指法向力之和(估算)),,,未找到实测,,F_single = F_total/2 (SAFETYVTLA默认)
FRA031,1.5,,同型转移(玻璃杯),0,近似转移,ExpForce同类参照: Glass tumbler 1.5N,[0821删] 原估算值3.0N(两指法向力之和(估算)),两指法向力之和,0.75,未找到实测,,F_single = F_total/2 (SAFETYVTLA默认)
FRA032,0.75,,同型转移(玻璃罐),0,近似转移,ExpForce同类参照: Blueberry jam jar (Empty) 0.75N,[0821删] 原估算值1.5N(两指法向力之和(估算)),两指法向力之和,0.375,未找到实测,,F_single = F_total/2 (SAFETYVTLA默认)
FRA033,,,未找到实测,0,未找到实测, | [0821删] 原近似转移值1.0N(近似转移(玻璃烛台)),[0821删] 原估算值2.0N(两指法向力之和(估算)),,,未找到实测,,F_single = F_total/2 (SAFETYVTLA默认)
FRA034,1.5,,同型转移(陶瓷咖啡杯),0,近似转移,ExpForce同类参照: Ceramic mug 1.5N,[0821删] 原估算值3.0N(两指法向力之和(估算)),两指法向力之和,0.75,未找到实测,,F_single = F_total/2 (SAFETYVTLA默认)
FRA035,,,未找到实测,0,未找到实测, | [0821删] 原近似转移值1.5N(近似转移(陶瓷碗)),[0821删] 原估算值3.0N(两指法向力之和(估算)),,,未找到实测,,F_single = F_total/2 (SAFETYVTLA默认)
FRA036,,,未找到实测,0,未找到实测, | [0821删] 原近似转移值1.5N(近似转移(陶瓷碟)),[0821删] 原估算值3.0N(两指法向力之和(估算)),,,未找到实测,,F_single = F_total/2 (SAFETYVTLA默认)
FRA037,,,未找到实测,0,未找到实测, | [0821删] 原近似转移值1.5N(近似转移(陶瓷餐具)),[0821删] 原估算值3.0N(两指法向力之和(估算)),,,未找到实测,,F_single = F_total/2 (SAFETYVTLA默认)
FRA038,,,未找到实测,0,未找到实测, | [0821删] 原近似转移值1.5N(近似转移(陶瓷摆件)),[0821删] 原估算值3.0N(两指法向力之和(估算)),,,未找到实测,,F_single = F_total/2 (SAFETYVTLA默认)
FRA039,0.25,,ExpForce同型实测(Medium plastic cup; f_min=0.25N),0,同型实测,"ExpForce_dataset_官方原始.csv (UT Austin; LEGATO两指爪+FORTE触觉指实测夹持力) | 文献参照: 一次性塑料杯抗压PP/PS/PET 26-975N, PLA 26-151N(同上, 顶压语义) | 塑料杯侧捏溃力: 未找到文献实测值(仅有顶压堆叠强度26-975N,语义不符)",[0821删] 原估算值0.5N(两指法向力之和(估算)),两指法向力之和,0.125,未找到实测,,F_single = F_total/2 (SAFETYVTLA默认)
FRA040,,,未找到实测,0,未找到实测, | [0821删] 原近似转移值0.25N(近似转移(薄壁塑料盒)),[0821删] 原估算值0.5N(两指法向力之和(估算)),,,未找到实测,,F_single = F_total/2 (SAFETYVTLA默认)
FRA041,2.0,,同型转移(曲奇盒),0,近似转移,,[0821删] 原估算值4.0N(两指法向力之和(估算)),两指法向力之和,1,未找到实测,,F_single = F_total/2 (SAFETYVTLA默认)
FRA042,,,未找到实测,0,未找到实测, | [0821删] 原近似转移值1.0N(近似转移(威化条装)),[0821删] 原估算值2.0N(两指法向力之和(估算)),,,未找到实测,,F_single = F_total/2 (SAFETYVTLA默认)
FRA043,,,未找到实测,0,未找到实测, | [0821删] 原近似转移值0.5N(近似转移(密封零食袋)),[0821删] 原估算值1.0N(两指法向力之和(估算)),,,未找到实测,,F_single = F_total/2 (SAFETYVTLA默认)
FRA044,,,未找到实测,0,未找到实测, | [0821删] 原近似转移值0.25N(近似转移(脆性零食)),[0821删] 原估算值0.5N(两指法向力之和(估算)),,,未找到实测,,F_single = F_total/2 (SAFETYVTLA默认)
FRA045,,,未找到实测,0,未找到实测, | [0821删] 原近似转移值1.0N(近似转移(月饼糕点)),[0821删] 原估算值2.0N(两指法向力之和(估算)),,,未找到实测,,F_single = F_total/2 (SAFETYVTLA默认)
FRA046,,,未找到实测,0,未找到实测, | [0821删] 原近似转移值1.0N(近似转移(油炸脆点)),[0821删] 原估算值2.0N(两指法向力之和(估算)),,,未找到实测,,F_single = F_total/2 (SAFETYVTLA默认)
FRA047,,,未找到实测,0,未找到实测, | [0821删] 原近似转移值0.25N(近似转移(酥性饼干)),[0821删] 原估算值0.5N(两指法向力之和(估算)),,,未找到实测,,F_single = F_total/2 (SAFETYVTLA默认)
FRA048,1.0,,ExpForce同型实测(Pocky snack box (Long-edge orientation); f_min=1.0N),0,同型实测,ExpForce_dataset_官方原始.csv (UT Austin; LEGATO两指爪+FORTE触觉指实测夹持力),[0821删] 原估算值2.0N(两指法向力之和(估算)),两指法向力之和,0.5,未找到实测,,F_single = F_total/2 (SAFETYVTLA默认)
FRA049,,,未找到实测,0,未找到实测, | [0821删] 原近似转移值0.25N(近似转移(膨化脆糖)),[0821删] 原估算值0.5N(两指法向力之和(估算)),,,未找到实测,,F_single = F_total/2 (SAFETYVTLA默认)
FRA050,,,未找到实测,0,未找到实测, | [0821删] 原近似转移值0.25N(近似转移(糖果)),[0821删] 原估算值0.5N(两指法向力之和(估算)),,,未找到实测,,F_single = F_total/2 (SAFETYVTLA默认)
FRA051,0.5,,同型转移(蛋类),0,近似转移,"ExpForce同类参照: Large brown egg 0.5N (鸭蛋更大) | 文献参照: 鸡蛋壳压缩42-51N, 鸭蛋壳未单独实测",[0821删] 原估算值1.0N(两指法向力之和(估算)),两指法向力之和,0.25,未找到实测,,F_single = F_total/2 (SAFETYVTLA默认)
FRA052,,,未找到实测,0,未找到实测, | [0821删] 原近似转移值0.25N(近似转移(干燥脆物)),[0821删] 原估算值0.5N(两指法向力之和(估算)),,,未找到实测,,F_single = F_total/2 (SAFETYVTLA默认)
FRA053,,,未找到实测,0,未找到实测, | [0821删] 原近似转移值0.25N(近似转移(干燥脆物)),[0821删] 原估算值0.5N(两指法向力之和(估算)),,,未找到实测,,F_single = F_total/2 (SAFETYVTLA默认)
FRA054,,,未找到实测,0,未找到实测,文献参照: 同FRA027干面条单根断裂力; 粉丝整捆未实测 | [0821删] 原近似转移值0.25N(近似转移(脆性捆扎物)),[0821删] 原估算值0.5N(两指法向力之和(估算)),,,未找到实测,,F_single = F_total/2 (SAFETYVTLA默认)
FRA055,,,未找到实测,0,未找到实测, | [0821删] 原近似转移值0.25N(近似转移(干燥脆物)),[0821删] 原估算值0.5N(两指法向力之和(估算)),,,未找到实测,,F_single = F_total/2 (SAFETYVTLA默认)
FRA056,0.5,,"同型转移(蛋壳,同型)",0,近似转移,"ExpForce同类参照: Large brown egg 0.5N (空壳更脆) | 文献参照: 掏空蛋壳无可核验实测值(988N为模拟值, 不采用)",[0821删] 原估算值1.0N(两指法向力之和(估算)),两指法向力之和,0.25,未找到实测,,F_single = F_total/2 (SAFETYVTLA默认)
FRA057,,,未找到实测,0,未找到实测, | [0821删] 原近似转移值0.5N(近似转移(脆性文具)),[0821删] 原估算值1.0N(两指法向力之和(估算)),,,未找到实测,,F_single = F_total/2 (SAFETYVTLA默认)
FRA058,,,未找到实测,0,未找到实测, | [0821删] 原近似转移值1.5N(近似转移(陶瓷餐具)),[0821删] 原估算值3.0N(两指法向力之和(估算)),,,未找到实测,,F_single = F_total/2 (SAFETYVTLA默认)
FRA059,,,未找到实测,0,未找到实测, | [0821删] 原近似转移值1.5N(近似转移(陶瓷片)),[0821删] 原估算值3.0N(两指法向力之和(估算)),,,未找到实测,,F_single = F_total/2 (SAFETYVTLA默认)
FRA060,,,未找到实测,0,未找到实测, | [0821删] 原近似转移值1.5N(近似转移(玻璃罐装)),[0821删] 原估算值3.0N(两指法向力之和(估算)),,,未找到实测,,F_single = F_total/2 (SAFETYVTLA默认)
SOF001,1.0,194.0,ExpForce同型实测(Banana; f_min=1.0N),0,同型实测,"ExpForce_dataset_官方原始.csv (UT Austin; LEGATO两指爪+FORTE触觉指实测夹持力) | Jahanbakhshi et al. 2020, Int J Fruit Sci 20(3), 香蕉准静态压缩; https://www.tandfonline.com/doi/full/10.1080/15538362.2019.1633723",文献实测(准静态压缩压伤最大力),两指法向力之和,0.5,单指法向力(平板压缩),388,F_total = 2×F_single (SAFETYVTLA默认反算)
SOF002,1.5,163.0,ExpForce同型实测(Orange 1 (Orange 2 2.0/CaraCara 1.5); f_min=1.5N),0,同型实测,"ExpForce_dataset_官方原始.csv (UT Austin; LEGATO两指爪+FORTE触觉指实测夹持力) | 脐橙挤压损伤力学特性, 农业工程学报, 横向163.46N/纵向196.15N; http://www.tcsae.org/cn/article/id/687bd121-9deb-4e40-8783-d19f0865852c",文献实测(横向极限载荷),两指法向力之和,0.75,单指法向力(平板压缩),326,F_total = 2×F_single (SAFETYVTLA默认反算)
SOF003,2.0,,ExpForce同型实测(Roma tomato 1 (Roma2 2.0); f_min=2.0N),0,同型实测,"ExpForce_dataset_官方原始.csv (UT Austin; LEGATO两指爪+FORTE触觉指实测夹持力) | 文献参照: 樱桃番茄挤压破裂21-64N(熊征2020, 品种差异大); 苹果损伤阈值40N/压伤54N(Zhu 2022; Wang 2024 Processes 12:543)",[0821删] 原估算值4.0N(两指法向力之和(估算)),两指法向力之和,1,未找到实测,,F_single = F_total/2 (SAFETYVTLA默认)
SOF004,0.5,0.6,ExpForce同型实测(Strawberry 1 (large 1.0); f_min=0.5N),0,同型实测,"ExpForce_dataset_官方原始.csv (UT Austin; LEGATO两指爪+FORTE触觉指实测夹持力) | 钟燚等 2025, 农业工程学报41(21), 草莓夹持0.6-1N损伤率55%; http://tcsae.org/article/doi/10.11975/j.issn.1002-6819.202411048 | 交叉验证: Mao2024测草莓损伤0.5N, 与钟燚0.6N一致","文献实测(夹持损伤阈值,单指/合力未确认)",两指法向力之和,0.25,"夹持法向力(单指/合力未确认,保守按合力)",0.6,F_single = F_total/2 (SAFETYVTLA默认)
SOF005,0.5,4.0,"同型转移(葡萄,同型)",0,近似转移,"ExpForce同类参照: Red/Green grapes 0.5N (单粒) | Inouye et al. 2013, HortScience 48(9), 葡萄整粒最大力4.0-13.9N; https://journals.ashs.org/hortsci/view/journals/hortsci/48/9/article-p1130.xml",文献实测(整粒压缩破裂力下限),两指法向力之和,0.25,单指法向力(平板压缩),8,F_total = 2×F_single (SAFETYVTLA默认反算)
SOF006,1.5,,近似转移(猕猴桃),0,估算,,[0821删] 原估算值3.0N(两指法向力之和(估算)),两指法向力之和,0.75,未找到实测,,F_single = F_total/2 (SAFETYVTLA默认)
SOF007,1.5,10.0,近似转移(牛油果),0,估算,"Australian Avocado Industry 2018, Talking Avocados 28(4), 10N轻度挤压压伤; https://avocado.org.au/public-articles/tav28n4_bruising/",文献实测(拇指挤压可见压伤),两指法向力之和,0.75,单指法向力(单点按压),20,F_total = 2×F_single (SAFETYVTLA默认反算)
SOF008,0.5,50.57,ExpForce同型实测(Lemon (Large lemon 0.75); f_min=0.5N),0,同型实测,"ExpForce_dataset_官方原始.csv (UT Austin; LEGATO两指爪+FORTE触觉指实测夹持力) | Jentzsch et al. 2022, Frontiers in Materials 9, 柠檬准静态压缩; https://www.frontiersin.org/journals/materials/articles/10.3389/fmats.2022.979151/full",文献实测(压缩50%形变最大力),两指法向力之和,0.25,单指法向力(平板压缩),101.14,F_total = 2×F_single (SAFETYVTLA默认反算)
SOF009,0.5,21.42,ExpForce同型实测(Red grape tomato 1; f_min=0.5N),0,同型实测,"ExpForce_dataset_官方原始.csv (UT Austin; LEGATO两指爪+FORTE触觉指实测夹持力) | 熊征等 2020, 现代农业装备41(3), 樱桃番茄纵向21.42N/横向37.59N; https://www.aeeisp.com/xdnyzb/cn/article/pdf/preview/ccd641a3-9bc1-4640-b72a-da69cf956a52.pdf",文献实测(纵向挤压破裂力),两指法向力之和,0.25,单指法向力(平板挤压),42.84,F_total = 2×F_single (SAFETYVTLA默认反算)
SOF010,1.5,,近似转移(桃),0,估算,,[0821删] 原估算值3.0N(两指法向力之和(估算)),两指法向力之和,0.75,未找到实测,,F_single = F_total/2 (SAFETYVTLA默认)
SOF011,2.0,,近似转移(玉米),0,估算,,[0821删] 原估算值4.0N(两指法向力之和(估算)),两指法向力之和,1,未找到实测,,F_single = F_total/2 (SAFETYVTLA默认)
SOF012,2.0,,近似转移(西兰花),0,估算,,[0821删] 原估算值4.0N(两指法向力之和(估算)),两指法向力之和,1,未找到实测,,F_single = F_total/2 (SAFETYVTLA默认)
SOF013,1.0,,"同型转移(彩椒,同型)",0,近似转移,ExpForce同类参照: Mini bell peppers 0.5N/Yellow 1.0N | 文献参照: 96份甜椒资源破裂力1.26-38.37N/坚实度15-35N(中华农业科学2025); https://www.chinaagrisci.com/EN/10.3864/j.issn.0578-1752.2025.14.011,[0821删] 原估算值2.0N(两指法向力之和(估算)),两指法向力之和,0.5,未找到实测,,F_single = F_total/2 (SAFETYVTLA默认)
SOF014,0.5,,近似转移(蘑菇),0,估算,,[0821删] 原估算值1.0N(两指法向力之和(估算)),两指法向力之和,0.25,未找到实测,,F_single = F_total/2 (SAFETYVTLA默认)
SOF015,0.25,,近似转移(软面包),0,估算,,[0821删] 原估算值0.5N(两指法向力之和(估算)),两指法向力之和,0.125,未找到实测,,F_single = F_total/2 (SAFETYVTLA默认)
SOF016,0.25,,近似转移(贝果),0,估算,,[0821删] 原估算值0.5N(两指法向力之和(估算)),两指法向力之和,0.125,未找到实测,,F_single = F_total/2 (SAFETYVTLA默认)
SOF017,0.25,,近似转移(纸杯蛋糕),0,估算,,[0821删] 原估算值0.5N(两指法向力之和(估算)),两指法向力之和,0.125,未找到实测,,F_single = F_total/2 (SAFETYVTLA默认)
SOF018,0.25,,近似转移(馒头),0,估算,,[0821删] 原估算值0.5N(两指法向力之和(估算)),两指法向力之和,0.125,未找到实测,,F_single = F_total/2 (SAFETYVTLA默认)
SOF019,0.25,,近似转移(麻薯),0,估算,,[0821删] 原估算值0.5N(两指法向力之和(估算)),两指法向力之和,0.125,未找到实测,,F_single = F_total/2 (SAFETYVTLA默认)
SOF020,0.25,,近似转移(毛巾),0,估算,,[0821删] 原估算值0.5N(两指法向力之和(估算)),两指法向力之和,0.125,未找到实测,,F_single = F_total/2 (SAFETYVTLA默认)
SOF023,0.25,,近似转移(毛绒),0,估算,,[0821删] 原估算值0.5N(两指法向力之和(估算)),两指法向力之和,0.125,未找到实测,,F_single = F_total/2 (SAFETYVTLA默认)
SOF024,0.25,,近似转移(海绵),0,估算,,[0821删] 原估算值0.5N(两指法向力之和(估算)),两指法向力之和,0.125,未找到实测,,F_single = F_total/2 (SAFETYVTLA默认)
SOF030,0.25,,ExpForce同型实测(Marshmallow 1 (Large marshmallow 0.25); f_min=0.25N),0,同型实测,ExpForce_dataset_官方原始.csv (UT Austin; LEGATO两指爪+FORTE触觉指实测夹持力),[0821删] 原估算值0.5N(两指法向力之和(估算)),两指法向力之和,0.125,未找到实测,,F_single = F_total/2 (SAFETYVTLA默认)
SOF038,0.25,,近似转移(甜甜圈),0,估算,,[0821删] 原估算值0.5N(两指法向力之和(估算)),两指法向力之和,0.125,未找到实测,,F_single = F_total/2 (SAFETYVTLA默认)
RIG001,2.0,635.0,ExpForce同型实测(Diet Coke can (Red Bull 2.5/Monster 2.0/7UP 2.0/Sunkist 2.0); f_min=2.0N),0,同型实测,"ExpForce_dataset_官方原始.csv (UT Austin; LEGATO两指爪+FORTE触觉指实测夹持力) | LS-DYNA/ANSYS: Sidewall Indentation and Buckling of Aluminum Beverage Cans, 635-985N; https://lsdyna.ansys.com/wp-content/uploads/attachments/session10-3.pdf",文献实测(空罐侧壁屈曲下限),两指法向力之和,1,单指法向力(侧向双板挤压),1270,F_total = 2×F_single (SAFETYVTLA默认反算)
RIG002,2.0,,"同型转移(瓶装饮料,同型)",0,近似转移,文献参照: PET瓶压缩1300N出现屈曲(数值研究); https://www.researchgate.net/publication/264187009,[0821删] 原估算值4.0N(两指法向力之和(估算)),两指法向力之和,1,未找到实测,,F_single = F_total/2 (SAFETYVTLA默认)
RIG003,2.0,,近似转移(硬质瓶壶),0,估算,,[0821删] 原估算值4.0N(两指法向力之和(估算)),两指法向力之和,1,未找到实测,,F_single = F_total/2 (SAFETYVTLA默认)
RIG004,2.0,,ExpForce同型实测(Head & Shoulders shampoo bottle; f_min=2.0N),0,同型实测,ExpForce_dataset_官方原始.csv (UT Austin; LEGATO两指爪+FORTE触觉指实测夹持力),[0821删] 原估算值4.0N(两指法向力之和(估算)),两指法向力之和,1,未找到实测,,F_single = F_total/2 (SAFETYVTLA默认)
RIG005,2.5,,ExpForce同型实测(Spam canned meat; f_min=2.5N),0,同型实测,ExpForce_dataset_官方原始.csv (UT Austin; LEGATO两指爪+FORTE触觉指实测夹持力),[0821删] 原估算值5.0N(两指法向力之和(估算)),两指法向力之和,1.25,未找到实测,,F_single = F_total/2 (SAFETYVTLA默认)
RIG006,2.0,,"同型转移(食品罐,同型)",0,近似转移,ExpForce同类参照: StarKist tuna 1.5N/Tomato soup 2.5N (铁罐) | 文献参照: 空罐轴向压溃679-2400N(Wang 2024 Materials); https://pmc.ncbi.nlm.nih.gov/articles/PMC11174009/,[0821删] 原估算值4.0N(两指法向力之和(估算)),两指法向力之和,1,未找到实测,,F_single = F_total/2 (SAFETYVTLA默认)
RIG007,2.0,,近似转移(铁罐),0,估算,,[0821删] 原估算值4.0N(两指法向力之和(估算)),两指法向力之和,1,未找到实测,,F_single = F_total/2 (SAFETYVTLA默认)
RIG008,1.5,,ExpForce同型实测(Pringles can; f_min=1.5N),0,同型实测,"ExpForce_dataset_官方原始.csv (UT Austin; LEGATO两指爪+FORTE触觉指实测夹持力) | 文献参照: Pringles罐轴向压缩92.3N(Alibaba LifeTips 2026,弱来源,侧压未找到)",[0821删] 原估算值3.0N(两指法向力之和(估算)),两指法向力之和,0.75,未找到实测,,F_single = F_total/2 (SAFETYVTLA默认)
RIG009,2.0,,近似转移(纸盒装),0,估算,,[0821删] 原估算值4.0N(两指法向力之和(估算)),两指法向力之和,1,未找到实测,,F_single = F_total/2 (SAFETYVTLA默认)
RIG010,5.0,,近似转移(手动工具),0,估算,,[0821删] 原估算值10.0N(两指法向力之和(估算)),两指法向力之和,2.5,未找到实测,,F_single = F_total/2 (SAFETYVTLA默认)
RIG011,5.0,,近似转移(手动工具),0,估算,,[0821删] 原估算值10.0N(两指法向力之和(估算)),两指法向力之和,2.5,未找到实测,,F_single = F_total/2 (SAFETYVTLA默认)
RIG012,5.0,,近似转移(工具),0,估算,,[0821删] 原估算值10.0N(两指法向力之和(估算)),两指法向力之和,2.5,未找到实测,,F_single = F_total/2 (SAFETYVTLA默认)
RIG013,2.0,,ExpForce同型实测(Magic tape roll (Duct tape roll 1.0); f_min=2.0N),0,同型实测,ExpForce_dataset_官方原始.csv (UT Austin; LEGATO两指爪+FORTE触觉指实测夹持力),[0821删] 原估算值4.0N(两指法向力之和(估算)),两指法向力之和,1,未找到实测,,F_single = F_total/2 (SAFETYVTLA默认)
RIG014,5.0,,近似转移(桌面工具),0,估算,,[0821删] 原估算值10.0N(两指法向力之和(估算)),两指法向力之和,2.5,未找到实测,,F_single = F_total/2 (SAFETYVTLA默认)
RIG015,2.0,,近似转移(手机类电子),0,估算,,[0821删] 原估算值4.0N(两指法向力之和(估算)),两指法向力之和,1,未找到实测,,F_single = F_total/2 (SAFETYVTLA默认)
RIG016,2.0,,ExpForce同型实测(Green power bank; f_min=2.0N),0,同型实测,ExpForce_dataset_官方原始.csv (UT Austin; LEGATO两指爪+FORTE触觉指实测夹持力),[0821删] 原估算值4.0N(两指法向力之和(估算)),两指法向力之和,1,未找到实测,,F_single = F_total/2 (SAFETYVTLA默认)
RIG017,1.0,,ExpForce同型实测(TV remote control; f_min=1.0N),0,同型实测,ExpForce_dataset_官方原始.csv (UT Austin; LEGATO两指爪+FORTE触觉指实测夹持力),[0821删] 原估算值2.0N(两指法向力之和(估算)),两指法向力之和,0.5,未找到实测,,F_single = F_total/2 (SAFETYVTLA默认)
RIG018,2.0,,近似转移(桌面电子),0,估算,,[0821删] 原估算值4.0N(两指法向力之和(估算)),两指法向力之和,1,未找到实测,,F_single = F_total/2 (SAFETYVTLA默认)
RIG019,2.0,,近似转移(书本),0,估算,,[0821删] 原估算值4.0N(两指法向力之和(估算)),两指法向力之和,1,未找到实测,,F_single = F_total/2 (SAFETYVTLA默认)
RIG020,2.0,,近似转移(硬面本),0,估算,,[0821删] 原估算值4.0N(两指法向力之和(估算)),两指法向力之和,1,未找到实测,,F_single = F_total/2 (SAFETYVTLA默认)
RIG021,1.0,,近似转移(硬塑料块),0,估算,,[0821删] 原估算值2.0N(两指法向力之和(估算)),两指法向力之和,0.5,未找到实测,,F_single = F_total/2 (SAFETYVTLA默认)
RIG022,2.0,,近似转移(杯面),0,估算,,[0821删] 原估算值4.0N(两指法向力之和(估算)),两指法向力之和,1,未找到实测,,F_single = F_total/2 (SAFETYVTLA默认)
RIG023,2.0,,"同型转移(碳酸饮料瓶,同型)",0,近似转移,"文献参照: 同RIG002, PET瓶屈曲1300N",[0821删] 原估算值4.0N(两指法向力之和(估算)),两指法向力之和,1,未找到实测,,F_single = F_total/2 (SAFETYVTLA默认)
RIG024,2.0,,近似转移(运动水壶),0,近似转移,ExpForce同类参照: Protein shaker bottle 2.0N,[0821删] 原估算值4.0N(两指法向力之和(估算)),两指法向力之和,1,未找到实测,,F_single = F_total/2 (SAFETYVTLA默认)
RIG025,3.25,,近似转移(喷瓶),0,近似转移,ExpForce同类参照: Clorox cleaner bottle 3.25N (喷瓶),[0821删] 原估算值6.5N(两指法向力之和(估算)),两指法向力之和,1.625,未找到实测,,F_single = F_total/2 (SAFETYVTLA默认)
RIG026,2.0,,近似转移(食品罐),0,估算,,[0821删] 原估算值4.0N(两指法向力之和(估算)),两指法向力之和,1,未找到实测,,F_single = F_total/2 (SAFETYVTLA默认)
RIG027,2.0,,近似转移(利乐盒),0,估算,,[0821删] 原估算值4.0N(两指法向力之和(估算)),两指法向力之和,1,未找到实测,,F_single = F_total/2 (SAFETYVTLA默认)
RIG028,2.0,,近似转移(利乐盒),0,估算,,[0821删] 原估算值4.0N(两指法向力之和(估算)),两指法向力之和,1,未找到实测,,F_single = F_total/2 (SAFETYVTLA默认)
RIG029,5.0,,近似转移(手动工具),0,估算,,[0821删] 原估算值10.0N(两指法向力之和(估算)),两指法向力之和,2.5,未找到实测,,F_single = F_total/2 (SAFETYVTLA默认)
RIG030,2.0,,近似转移(卷状物),0,估算,,[0821删] 原估算值4.0N(两指法向力之和(估算)),两指法向力之和,1,未找到实测,,F_single = F_total/2 (SAFETYVTLA默认)
RIG031,5.0,,近似转移(手动工具),0,估算,,[0821删] 原估算值10.0N(两指法向力之和(估算)),两指法向力之和,2.5,未找到实测,,F_single = F_total/2 (SAFETYVTLA默认)
RIG032,5.0,,近似转移(刀具),0,估算,,[0821删] 原估算值10.0N(两指法向力之和(估算)),两指法向力之和,2.5,未找到实测,,F_single = F_total/2 (SAFETYVTLA默认)
RIG033,2.0,,近似转移(桌面电子),0,估算,,[0821删] 原估算值4.0N(两指法向力之和(估算)),两指法向力之和,1,未找到实测,,F_single = F_total/2 (SAFETYVTLA默认)
RIG034,2.0,,近似转移(桌面电子),0,估算,,[0821删] 原估算值4.0N(两指法向力之和(估算)),两指法向力之和,1,未找到实测,,F_single = F_total/2 (SAFETYVTLA默认)
RIG035,2.0,,近似转移(手持电子),0,估算,,[0821删] 原估算值4.0N(两指法向力之和(估算)),两指法向力之和,1,未找到实测,,F_single = F_total/2 (SAFETYVTLA默认)
RIG036,2.0,,近似转移(小型电子),0,估算,,[0821删] 原估算值4.0N(两指法向力之和(估算)),两指法向力之和,1,未找到实测,,F_single = F_total/2 (SAFETYVTLA默认)
RIG037,5.0,,近似转移(电子配件),0,估算,,[0821删] 原估算值10.0N(两指法向力之和(估算)),两指法向力之和,2.5,未找到实测,,F_single = F_total/2 (SAFETYVTLA默认)
RIG038,5.0,,近似转移(硬质文具),0,估算,,[0821删] 原估算值10.0N(两指法向力之和(估算)),两指法向力之和,2.5,未找到实测,,F_single = F_total/2 (SAFETYVTLA默认)
RIG039,5.0,,近似转移(硬质文具),0,估算,,[0821删] 原估算值10.0N(两指法向力之和(估算)),两指法向力之和,2.5,未找到实测,,F_single = F_total/2 (SAFETYVTLA默认)
RIG040,2.0,,近似转移(文具),0,估算,,[0821删] 原估算值4.0N(两指法向力之和(估算)),两指法向力之和,1,未找到实测,,F_single = F_total/2 (SAFETYVTLA默认)
RIG041,2.0,,近似转移(文具),0,估算,,[0821删] 原估算值4.0N(两指法向力之和(估算)),两指法向力之和,1,未找到实测,,F_single = F_total/2 (SAFETYVTLA默认)
RIG042,5.0,,近似转移(文具),0,估算,,[0821删] 原估算值10.0N(两指法向力之和(估算)),两指法向力之和,2.5,未找到实测,,F_single = F_total/2 (SAFETYVTLA默认)
RIG043,1.5,,近似转移(收纳硬盒),0,估算,,[0821删] 原估算值3.0N(两指法向力之和(估算)),两指法向力之和,0.75,未找到实测,,F_single = F_total/2 (SAFETYVTLA默认)
RIG044,1.0,,近似转移(个人护理),0,估算,,[0821删] 原估算值2.0N(两指法向力之和(估算)),两指法向力之和,0.5,未找到实测,,F_single = F_total/2 (SAFETYVTLA默认)
RIG045,1.5,,近似转移(小盒装),0,估算,,[0821删] 原估算值3.0N(两指法向力之和(估算)),两指法向力之和,0.75,未找到实测,,F_single = F_total/2 (SAFETYVTLA默认)
RIG046,1.0,,近似转移(小型电子),0,估算,,[0821删] 原估算值2.0N(两指法向力之和(估算)),两指法向力之和,0.5,未找到实测,,F_single = F_total/2 (SAFETYVTLA默认)
RIG047,1.0,,近似转移(硬壳盒),0,估算,,[0821删] 原估算值2.0N(两指法向力之和(估算)),两指法向力之和,0.5,未找到实测,,F_single = F_total/2 (SAFETYVTLA默认)
RIG048,1.5,,近似转移(卷状硬物),0,估算,,[0821删] 原估算值3.0N(两指法向力之和(估算)),两指法向力之和,0.75,未找到实测,,F_single = F_total/2 (SAFETYVTLA默认)
RIG049,1.5,,ExpForce同型实测(Umbrella (Folded); f_min=1.5N),0,同型实测,ExpForce_dataset_官方原始.csv (UT Austin; LEGATO两指爪+FORTE触觉指实测夹持力),[0821删] 原估算值3.0N(两指法向力之和(估算)),两指法向力之和,0.75,未找到实测,,F_single = F_total/2 (SAFETYVTLA默认)
RIG050,3.0,,近似转移(硬塑料容器),0,估算,,[0821删] 原估算值6.0N(两指法向力之和(估算)),两指法向力之和,1.5,未找到实测,,F_single = F_total/2 (SAFETYVTLA默认)
RIG051,5.0,,近似转移(金属重物),0,估算,,[0821删] 原估算值10.0N(两指法向力之和(估算)),两指法向力之和,2.5,未找到实测,,F_single = F_total/2 (SAFETYVTLA默认)
RIG052,3.0,,近似转移(硬塑料容器),0,估算,,[0821删] 原估算值6.0N(两指法向力之和(估算)),两指法向力之和,1.5,未找到实测,,F_single = F_total/2 (SAFETYVTLA默认)
RIG053,5.0,,近似转移(金属容器),0,估算,,[0821删] 原估算值10.0N(两指法向力之和(估算)),两指法向力之和,2.5,未找到实测,,F_single = F_total/2 (SAFETYVTLA默认)
RIG054,2.5,,近似转移(调料瓶),0,近似转移,ExpForce同类参照: Yellow mustard bottle 3.25N,[0821删] 原估算值5.0N(两指法向力之和(估算)),两指法向力之和,1.25,未找到实测,,F_single = F_total/2 (SAFETYVTLA默认)
RIG055,3.5,,近似转移(糖盒),0,估算,,[0821删] 原估算值7.0N(两指法向力之和(估算)),两指法向力之和,1.75,未找到实测,,F_single = F_total/2 (SAFETYVTLA默认)
RIG056,2.0,,近似转移(食品铁盒),0,估算,,[0821删] 原估算值4.0N(两指法向力之和(估算)),两指法向力之和,1,未找到实测,,F_single = F_total/2 (SAFETYVTLA默认)
RIG057,2.0,,近似转移(谷物盒),0,近似转移,ExpForce同类参照: Muffin mix box 2.0N (纸盒),[0821删] 原估算值4.0N(两指法向力之和(估算)),两指法向力之和,1,未找到实测,,F_single = F_total/2 (SAFETYVTLA默认)
RIG058,2.0,,近似转移(罐装食品),0,近似转移,"ExpForce同类参照: Spam canned meat 2.5N (罐装) | 文献参照: 同RIG006, 金属罐轴向压溃679-2400N",[0821删] 原估算值4.0N(两指法向力之和(估算)),两指法向力之和,1,未找到实测,,F_single = F_total/2 (SAFETYVTLA默认)
RIG059,2.0,,近似转移(咖啡盒),0,估算,,[0821删] 原估算值4.0N(两指法向力之和(估算)),两指法向力之和,1,未找到实测,,F_single = F_total/2 (SAFETYVTLA默认)
RIG060,2.5,,近似转移(奶粉罐),0,估算,,[0821删] 原估算值5.0N(两指法向力之和(估算)),两指法向力之和,1.25,未找到实测,,F_single = F_total/2 (SAFETYVTLA默认)
FRA061,,,未找到实测,0,未找到实测, | [0821删] 原近似转移值0.75N(近似转移(玻璃容器)),[0821删] 原估算值1.5N(两指法向力之和(估算)),,,未找到实测,,F_single = F_total/2 (SAFETYVTLA默认)
FRA062,,,未找到实测,0,未找到实测, | [0821删] 原近似转移值1.5N(近似转移(玻璃碗)),[0821删] 原估算值3.0N(两指法向力之和(估算)),,,未找到实测,,F_single = F_total/2 (SAFETYVTLA默认)
FRA063,,,未找到实测,0,未找到实测, | [0821删] 原近似转移值1.5N(近似转移(陶瓷壶)),[0821删] 原估算值3.0N(两指法向力之和(估算)),,,未找到实测,,F_single = F_total/2 (SAFETYVTLA默认)
FRA064,,,未找到实测,0,未找到实测, | [0821删] 原近似转移值1.5N(近似转移(陶瓷盆)),[0821删] 原估算值3.0N(两指法向力之和(估算)),,,未找到实测,,F_single = F_total/2 (SAFETYVTLA默认)
FRA065,,,未找到实测,0,未找到实测, | [0821删] 原近似转移值1.5N(近似转移(陶瓷罐)),[0821删] 原估算值3.0N(两指法向力之和(估算)),,,未找到实测,,F_single = F_total/2 (SAFETYVTLA默认)
FRA066,,,未找到实测,0,未找到实测,ExpForce同类参照: Glass Coca-Cola bottle 2.5N (空瓶) | 文献参照: 同FRA005 小玻璃瓶径向>=1067N; 汽水瓶/奶瓶未单独实测 | [0821删] 原近似转移值2.5N(近似转移(玻璃瓶)),[0821删] 原估算值5.0N(两指法向力之和(估算)),,,未找到实测,,F_single = F_total/2 (SAFETYVTLA默认)
YCB01,3.25,,同型转移(芥末酱瓶),0,近似转移,,[0821删] 原估算值6.5N(两指法向力之和(估算)),两指法向力之和,1.625,未找到实测,,F_single = F_total/2 (SAFETYVTLA默认)
YCB02,2.5,,同型转移(肉罐头),0,近似转移,,[0821删] 原估算值5.0N(两指法向力之和(估算)),两指法向力之和,1.25,未找到实测,,F_single = F_total/2 (SAFETYVTLA默认)
YCB03,2.0,,同型转移(饼干盒),0,近似转移,,[0821删] 原估算值4.0N(两指法向力之和(估算)),两指法向力之和,1,未找到实测,,F_single = F_total/2 (SAFETYVTLA默认)
YCB04,3.5,,同型转移(糖盒),0,近似转移,,[0821删] 原估算值7.0N(两指法向力之和(估算)),两指法向力之和,1.75,未找到实测,,F_single = F_total/2 (SAFETYVTLA默认)
YCB05,2.5,,"同型转移(番茄汤罐,同型)",0,近似转移,,[0821删] 原估算值5.0N(两指法向力之和(估算)),两指法向力之和,1.25,未找到实测,,F_single = F_total/2 (SAFETYVTLA默认)
YCB06,3.25,,"同型转移(芥末瓶,同型)",0,近似转移,,[0821删] 原估算值6.5N(两指法向力之和(估算)),两指法向力之和,1.625,未找到实测,,F_single = F_total/2 (SAFETYVTLA默认)
YCB07,1.5,,"同型转移(金枪鱼罐,同型)",0,近似转移,,[0821删] 原估算值3.0N(两指法向力之和(估算)),两指法向力之和,0.75,未找到实测,,F_single = F_total/2 (SAFETYVTLA默认)
YCB08,2.0,,近似转移(零食盒),0,估算,,[0821删] 原估算值4.0N(两指法向力之和(估算)),两指法向力之和,1,未找到实测,,F_single = F_total/2 (SAFETYVTLA默认)
YCB09,2.0,,近似转移(零食盒),0,估算,,[0821删] 原估算值4.0N(两指法向力之和(估算)),两指法向力之和,1,未找到实测,,F_single = F_total/2 (SAFETYVTLA默认)
YCB10,2.5,,"同型转移(午餐肉罐,同型)",0,近似转移,,[0821删] 原估算值5.0N(两指法向力之和(估算)),两指法向力之和,1.25,未找到实测,,F_single = F_total/2 (SAFETYVTLA默认)
YCB11,1.0,,"同型转移(香蕉,同型)",0,近似转移,,[0821删] 原估算值2.0N(两指法向力之和(估算)),两指法向力之和,0.5,未找到实测,,F_single = F_total/2 (SAFETYVTLA默认)
YCB12,0.5,,"同型转移(草莓,同型)",0,近似转移,,[0821删] 原估算值1.0N(两指法向力之和(估算)),两指法向力之和,0.25,未找到实测,,F_single = F_total/2 (SAFETYVTLA默认)
YCB13,1.5,,近似转移(苹果),0,估算,,[0821删] 原估算值3.0N(两指法向力之和(估算)),两指法向力之和,0.75,未找到实测,,F_single = F_total/2 (SAFETYVTLA默认)
YCB14,1.5,,"同型转移(梨,同型)",0,近似转移,,[0821删] 原估算值3.0N(两指法向力之和(估算)),两指法向力之和,0.75,未找到实测,,F_single = F_total/2 (SAFETYVTLA默认)
YCB15,1.5,,"同型转移(橙子,同型)",0,近似转移,,[0821删] 原估算值3.0N(两指法向力之和(估算)),两指法向力之和,0.75,未找到实测,,F_single = F_total/2 (SAFETYVTLA默认)
YCB16,1.5,,"同型转移(苹果,同型)",0,近似转移,,[0821删] 原估算值3.0N(两指法向力之和(估算)),两指法向力之和,0.75,未找到实测,,F_single = F_total/2 (SAFETYVTLA默认)
YCB17,1.0,,近似转移(柑橘),0,估算,,[0821删] 原估算值2.0N(两指法向力之和(估算)),两指法向力之和,0.5,未找到实测,,F_single = F_total/2 (SAFETYVTLA默认)
YCB18,5.0,,近似转移(手动工具),0,估算,,[0821删] 原估算值10.0N(两指法向力之和(估算)),两指法向力之和,2.5,未找到实测,,F_single = F_total/2 (SAFETYVTLA默认)
YCB19,7.0,,"同型转移(电钻,同型)",0,近似转移,,[0821删] 原估算值14.0N(两指法向力之和(估算)),两指法向力之和,3.5,未找到实测,,F_single = F_total/2 (SAFETYVTLA默认)
YCB20,5.0,,近似转移(硬质工具),0,估算,,[0821删] 原估算值10.0N(两指法向力之和(估算)),两指法向力之和,2.5,未找到实测,,F_single = F_total/2 (SAFETYVTLA默认)
YCB21,5.0,,近似转移(手动工具),0,估算,,[0821删] 原估算值10.0N(两指法向力之和(估算)),两指法向力之和,2.5,未找到实测,,F_single = F_total/2 (SAFETYVTLA默认)
E001,0.25,,ExpForce实测,1,本物实测,ExpForce_dataset_官方原始.csv (UT Austin; LEGATO两指爪+FORTE触觉指实测夹持力); f_max=5×f_min外推(待复核),"[0821删] 原估算值1.25N(两指法向力之和(5×f_min外推,估算))",两指法向力之和,0.125,未找到实测,,F_single = F_total/2 (SAFETYVTLA默认)
E002,1.5,,ExpForce实测,1,本物实测,ExpForce_dataset_官方原始.csv (UT Austin; LEGATO两指爪+FORTE触觉指实测夹持力); f_max=5×f_min外推(待复核),"[0821删] 原估算值7.5N(两指法向力之和(5×f_min外推,估算))",两指法向力之和,0.75,未找到实测,,F_single = F_total/2 (SAFETYVTLA默认)
E003,2.5,,ExpForce实测,1,本物实测,ExpForce_dataset_官方原始.csv (UT Austin; LEGATO两指爪+FORTE触觉指实测夹持力); f_max=5×f_min外推(待复核),"[0821删] 原估算值12.5N(两指法向力之和(5×f_min外推,估算))",两指法向力之和,1.25,未找到实测,,F_single = F_total/2 (SAFETYVTLA默认)
E004,0.25,,ExpForce实测,1,本物实测,ExpForce_dataset_官方原始.csv (UT Austin; LEGATO两指爪+FORTE触觉指实测夹持力); f_max=5×f_min外推(待复核),"[0821删] 原估算值0.75N(两指法向力之和(5×f_min外推,估算))",两指法向力之和,0.125,未找到实测,,F_single = F_total/2 (SAFETYVTLA默认)
E005,0.25,2.1,ExpForce实测,1,本物实测,ExpForce_dataset_官方原始.csv (UT Austin; LEGATO两指爪+FORTE触觉指实测夹持力); f_max=5×f_min外推(待复核) | GB/T 27590-2011 纸杯杯身挺度(径向双板对压至9.5mm变形): <=250mL 合格品>=2.10N/一等品>=2.60N/优等品>=3.00N; http://www.xktest.com/news/s57233.html,国标实测(纸杯杯身挺度下限),两指法向力之和,0.125,单指法向力(双板对压),4.2,F_total = 2×F_single (SAFETYVTLA默认反算)
E006,0.25,2.1,ExpForce实测,1,本物实测,ExpForce_dataset_官方原始.csv (UT Austin; LEGATO两指爪+FORTE触觉指实测夹持力); f_max=5×f_min外推(待复核) | GB/T 27590-2011 纸杯杯身挺度(径向双板对压至9.5mm变形): <=250mL 合格品>=2.10N/一等品>=2.60N/优等品>=3.00N; http://www.xktest.com/news/s57233.html,国标实测(纸杯杯身挺度下限),两指法向力之和,0.125,单指法向力(双板对压),4.2,F_total = 2×F_single (SAFETYVTLA默认反算)
E007,0.25,,ExpForce实测,1,本物实测,ExpForce_dataset_官方原始.csv (UT Austin; LEGATO两指爪+FORTE触觉指实测夹持力); f_max=5×f_min外推(待复核),"[0821删] 原估算值0.75N(两指法向力之和(5×f_min外推,估算))",两指法向力之和,0.125,未找到实测,,F_single = F_total/2 (SAFETYVTLA默认)
E008,0.75,,ExpForce实测,1,本物实测,ExpForce_dataset_官方原始.csv (UT Austin; LEGATO两指爪+FORTE触觉指实测夹持力); f_max=5×f_min外推(待复核),"[0821删] 原估算值1.5N(两指法向力之和(5×f_min外推,估算))",两指法向力之和,0.375,未找到实测,,F_single = F_total/2 (SAFETYVTLA默认)
E009,0.5,,ExpForce实测,1,本物实测,ExpForce_dataset_官方原始.csv (UT Austin; LEGATO两指爪+FORTE触觉指实测夹持力); f_max=5×f_min外推(待复核) | 文献参照: 柠檬压缩50.57N(Jentzsch2022); 青柠未单独实测,"[0821删] 原估算值1.5N(两指法向力之和(5×f_min外推,估算))",两指法向力之和,0.25,未找到实测,,F_single = F_total/2 (SAFETYVTLA默认)
E010,2.0,,ExpForce实测,1,本物实测,ExpForce_dataset_官方原始.csv (UT Austin; LEGATO两指爪+FORTE触觉指实测夹持力); f_max=5×f_min外推(待复核),"[0821删] 原估算值10.0N(两指法向力之和(5×f_min外推,估算))",两指法向力之和,1,未找到实测,,F_single = F_total/2 (SAFETYVTLA默认)
E011,1.5,,ExpForce实测,1,本物实测,ExpForce_dataset_官方原始.csv (UT Austin; LEGATO两指爪+FORTE触觉指实测夹持力); f_max=5×f_min外推(待复核),"[0821删] 原估算值7.5N(两指法向力之和(5×f_min外推,估算))",两指法向力之和,0.75,未找到实测,,F_single = F_total/2 (SAFETYVTLA默认)
E012,0.5,,ExpForce实测,1,本物实测,ExpForce_dataset_官方原始.csv (UT Austin; LEGATO两指爪+FORTE触觉指实测夹持力); f_max=5×f_min外推(待复核),"[0821删] 原估算值1.5N(两指法向力之和(5×f_min外推,估算))",两指法向力之和,0.25,未找到实测,,F_single = F_total/2 (SAFETYVTLA默认)
E013,0.25,,ExpForce实测,1,本物实测,ExpForce_dataset_官方原始.csv (UT Austin; LEGATO两指爪+FORTE触觉指实测夹持力); f_max=5×f_min外推(待复核) | 棉花糖: 未找到文献实测值,"[0821删] 原估算值0.75N(两指法向力之和(5×f_min外推,估算))",两指法向力之和,0.125,未找到实测,,F_single = F_total/2 (SAFETYVTLA默认)
E014,5.0,,ExpForce实测,1,本物实测,ExpForce_dataset_官方原始.csv (UT Austin; LEGATO两指爪+FORTE触觉指实测夹持力); f_max=5×f_min外推(待复核),"[0821删] 原估算值25.0N(两指法向力之和(5×f_min外推,估算))",两指法向力之和,2.5,未找到实测,,F_single = F_total/2 (SAFETYVTLA默认)
E015,2.0,,ExpForce实测,1,本物实测,ExpForce_dataset_官方原始.csv (UT Austin; LEGATO两指爪+FORTE触觉指实测夹持力); f_max=5×f_min外推(待复核),"[0821删] 原估算值10.0N(两指法向力之和(5×f_min外推,估算))",两指法向力之和,1,未找到实测,,F_single = F_total/2 (SAFETYVTLA默认)
E016,1.75,,ExpForce实测,1,本物实测,ExpForce_dataset_官方原始.csv (UT Austin; LEGATO两指爪+FORTE触觉指实测夹持力); f_max=5×f_min外推(待复核),"[0821删] 原估算值8.75N(两指法向力之和(5×f_min外推,估算))",两指法向力之和,0.875,未找到实测,,F_single = F_total/2 (SAFETYVTLA默认)
E017,2.5,,ExpForce实测,1,本物实测,ExpForce_dataset_官方原始.csv (UT Austin; LEGATO两指爪+FORTE触觉指实测夹持力); f_max=5×f_min外推(待复核),"[0821删] 原估算值12.5N(两指法向力之和(5×f_min外推,估算))",两指法向力之和,1.25,未找到实测,,F_single = F_total/2 (SAFETYVTLA默认)
E018,2.0,,ExpForce实测,1,本物实测,ExpForce_dataset_官方原始.csv (UT Austin; LEGATO两指爪+FORTE触觉指实测夹持力); f_max=5×f_min外推(待复核),"[0821删] 原估算值10.0N(两指法向力之和(5×f_min外推,估算))",两指法向力之和,1,未找到实测,,F_single = F_total/2 (SAFETYVTLA默认)
E019,2.0,,ExpForce实测,1,本物实测,ExpForce_dataset_官方原始.csv (UT Austin; LEGATO两指爪+FORTE触觉指实测夹持力); f_max=5×f_min外推(待复核),"[0821删] 原估算值10.0N(两指法向力之和(5×f_min外推,估算))",两指法向力之和,1,未找到实测,,F_single = F_total/2 (SAFETYVTLA默认)
E020,2.0,,ExpForce实测,1,本物实测,ExpForce_dataset_官方原始.csv (UT Austin; LEGATO两指爪+FORTE触觉指实测夹持力); f_max=5×f_min外推(待复核) | 文献参照: 樱桃番茄挤压破裂21-64N(熊征2020); 普通番茄未单独实测,"[0821删] 原估算值6.0N(两指法向力之和(5×f_min外推,估算))",两指法向力之和,1,未找到实测,,F_single = F_total/2 (SAFETYVTLA默认)
E021,2.0,,ExpForce实测,1,本物实测,ExpForce_dataset_官方原始.csv (UT Austin; LEGATO两指爪+FORTE触觉指实测夹持力); f_max=5×f_min外推(待复核) | 文献参照: 同E020樱桃番茄挤压破裂21-64N,"[0821删] 原估算值6.0N(两指法向力之和(5×f_min外推,估算))",两指法向力之和,1,未找到实测,,F_single = F_total/2 (SAFETYVTLA默认)
E022,2.0,,ExpForce实测,1,本物实测,ExpForce_dataset_官方原始.csv (UT Austin; LEGATO两指爪+FORTE触觉指实测夹持力); f_max=5×f_min外推(待复核) | 文献参照: 柑橘类准静态压缩 柚40.32N/柠檬50.57N(Jentzsch2022); 西柚未单独实测,"[0821删] 原估算值6.0N(两指法向力之和(5×f_min外推,估算))",两指法向力之和,1,未找到实测,,F_single = F_total/2 (SAFETYVTLA默认)
E023,0.5,50.57,ExpForce实测,1,本物实测,ExpForce_dataset_官方原始.csv (UT Austin; LEGATO两指爪+FORTE触觉指实测夹持力); f_max=5×f_min外推(待复核) | Jentzsch2022 Frontiers in Materials 9 柠檬压缩50%形变50.57N; https://www.frontiersin.org/journals/materials/articles/10.3389/fmats.2022.979151/full,文献实测(压缩50%形变最大力),两指法向力之和,0.25,单指法向力(平板压缩),101.14,F_total = 2×F_single (SAFETYVTLA默认反算)
E024,1.5,40.0,ExpForce实测,1,本物实测,ExpForce_dataset_官方原始.csv (UT Austin; LEGATO两指爪+FORTE触觉指实测夹持力); f_max=5×f_min外推(待复核) | Zhu2022 Food Sci Technol Res 28(1) 苹果压缩损伤阈值40N; Wang2024 Processes 12:543 压伤阈值54N; https://mdpi-res.com/d_attachment/processes/processes-12-00543/article_deploy/processes-12-00543.pdf,文献实测(压缩损伤阈值),两指法向力之和,0.75,单指法向力(平板压缩),80,F_total = 2×F_single (SAFETYVTLA默认反算)
E025,1.0,,ExpForce实测,1,本物实测,ExpForce_dataset_官方原始.csv (UT Austin; LEGATO两指爪+FORTE触觉指实测夹持力); f_max=5×f_min外推(待复核) | 文献参照: 96份甜椒资源破裂力1.26-38.37N(中华农业科学2025); https://www.chinaagrisci.com/EN/10.3864/j.issn.0578-1752.2025.14.011,"[0821删] 原估算值3.0N(两指法向力之和(5×f_min外推,估算))",两指法向力之和,0.5,未找到实测,,F_single = F_total/2 (SAFETYVTLA默认)
E026,0.5,0.6,ExpForce实测,1,本物实测,"ExpForce_dataset_官方原始.csv (UT Austin; LEGATO两指爪+FORTE触觉指实测夹持力); f_max=5×f_min外推(待复核) | 钟燚等2025 农业工程学报41(21) 草莓夹持0.6-1N损伤率55%; http://tcsae.org/article/doi/10.11975/j.issn.1002-6819.202411048 | 交叉验证: Mao2024测草莓损伤0.5N, 与钟燚0.6N一致","文献实测(夹持损伤阈值,单指/合力未确认)",两指法向力之和,0.25,"夹持法向力(单指/合力未确认,保守按合力)",0.6,F_single = F_total/2 (SAFETYVTLA默认)
E027,1.5,163.0,ExpForce实测,1,本物实测,ExpForce_dataset_官方原始.csv (UT Austin; LEGATO两指爪+FORTE触觉指实测夹持力); f_max=5×f_min外推(待复核) | 脐橙挤压损伤力学 农业工程学报 横向163.46N/纵向196.15N; http://www.tcsae.org/cn/article/id/687bd121-9deb-4e40-8783-d19f0865852c,文献实测(横向极限载荷),两指法向力之和,0.75,单指法向力(平板压缩),326,F_total = 2×F_single (SAFETYVTLA默认反算)
E028,1.5,163.0,ExpForce实测,1,本物实测,ExpForce_dataset_官方原始.csv (UT Austin; LEGATO两指爪+FORTE触觉指实测夹持力); f_max=5×f_min外推(待复核) | 脐橙挤压损伤力学 农业工程学报 横向163.46N/纵向196.15N; http://www.tcsae.org/cn/article/id/687bd121-9deb-4e40-8783-d19f0865852c,文献实测(横向极限载荷),两指法向力之和,0.75,单指法向力(平板压缩),326,F_total = 2×F_single (SAFETYVTLA默认反算)
E029,1.5,163.0,ExpForce实测,1,本物实测,ExpForce_dataset_官方原始.csv (UT Austin; LEGATO两指爪+FORTE触觉指实测夹持力); f_max=5×f_min外推(待复核) | 脐橙挤压损伤力学 农业工程学报 横向163.46N/纵向196.15N; http://www.tcsae.org/cn/article/id/687bd121-9deb-4e40-8783-d19f0865852c,文献实测(横向极限载荷),两指法向力之和,0.75,单指法向力(平板压缩),326,F_total = 2×F_single (SAFETYVTLA默认反算)
E030,1.0,13.3,ExpForce实测,1,本物实测,"ExpForce_dataset_官方原始.csv (UT Austin; LEGATO两指爪+FORTE触觉指实测夹持力); f_max=5×f_min外推(待复核) | W. Murcott mandarin 物性研究, 压缩1.351-1.650kgf(13.3-16.2N); https://pdfs.semanticscholar.org/b01a/03a4a88e945678728184a76bc386b8695c7e.pdf | 参照: 灵巧手柑橘指尖力6.39-11.65N无损伤(2026, 安全上界参考); https://airobotsight.com/design-and-experimental-analysis-of-a-dexterous-robotic-hand-for-citrus-manipulation/",文献实测(蜜橘压缩力下限),两指法向力之和,0.5,单指法向力(平板压缩),26.6,F_total = 2×F_single (SAFETYVTLA默认反算)
E031,1.0,,ExpForce实测,1,本物实测,ExpForce_dataset_官方原始.csv (UT Austin; LEGATO两指爪+FORTE触觉指实测夹持力); f_max=5×f_min外推(待复核),"[0821删] 原估算值3.0N(两指法向力之和(5×f_min外推,估算))",两指法向力之和,0.5,未找到实测,,F_single = F_total/2 (SAFETYVTLA默认)
E032,0.5,4.0,ExpForce实测,1,本物实测,ExpForce_dataset_官方原始.csv (UT Austin; LEGATO两指爪+FORTE触觉指实测夹持力); f_max=5×f_min外推(待复核) | Inouye2013 HortScience 48(9) 葡萄整粒压缩4.0-13.9N; https://journals.ashs.org/hortsci/view/journals/hortsci/48/9/article-p1130.xml,文献实测(整粒压缩破裂力下限),两指法向力之和,0.25,单指法向力(平板压缩),8,F_total = 2×F_single (SAFETYVTLA默认反算)
E033,0.5,4.0,ExpForce实测,1,本物实测,ExpForce_dataset_官方原始.csv (UT Austin; LEGATO两指爪+FORTE触觉指实测夹持力); f_max=5×f_min外推(待复核) | Inouye2013 HortScience 48(9) 葡萄整粒压缩4.0-13.9N; https://journals.ashs.org/hortsci/view/journals/hortsci/48/9/article-p1130.xml,文献实测(整粒压缩破裂力下限),两指法向力之和,0.25,单指法向力(平板压缩),8,F_total = 2×F_single (SAFETYVTLA默认反算)
E034,0.25,,ExpForce实测,1,本物实测,ExpForce_dataset_官方原始.csv (UT Austin; LEGATO两指爪+FORTE触觉指实测夹持力); f_max=5×f_min外推(待复核),"[0821删] 原估算值0.75N(两指法向力之和(5×f_min外推,估算))",两指法向力之和,0.125,未找到实测,,F_single = F_total/2 (SAFETYVTLA默认)
E035,0.25,,ExpForce实测,1,本物实测,ExpForce_dataset_官方原始.csv (UT Austin; LEGATO两指爪+FORTE触觉指实测夹持力); f_max=5×f_min外推(待复核),"[0821删] 原估算值0.75N(两指法向力之和(5×f_min外推,估算))",两指法向力之和,0.125,未找到实测,,F_single = F_total/2 (SAFETYVTLA默认)
E036,0.25,8.0,ExpForce实测,1,本物实测,"ExpForce_dataset_官方原始.csv (UT Austin; LEGATO两指爪+FORTE触觉指实测夹持力); f_max=5×f_min外推(待复核) | Univ. of Arkansas blackberry breeding, HortScience 51(5), 非脆性8.0N/脆性11.8N; https://journals.ashs.org/view/journals/hortsci/51/5/article-p468.xml",文献实测(非脆性品种压缩力),两指法向力之和,0.125,单指法向力(平板压缩),16,F_total = 2×F_single (SAFETYVTLA默认反算)
E037,0.25,,ExpForce实测,1,本物实测,ExpForce_dataset_官方原始.csv (UT Austin; LEGATO两指爪+FORTE触觉指实测夹持力); f_max=5×f_min外推(待复核),"[0821删] 原估算值1.25N(两指法向力之和(5×f_min外推,估算))",两指法向力之和,0.125,未找到实测,,F_single = F_total/2 (SAFETYVTLA默认)
E038,1.0,,ExpForce实测,1,本物实测,ExpForce_dataset_官方原始.csv (UT Austin; LEGATO两指爪+FORTE触觉指实测夹持力); f_max=5×f_min外推(待复核),"[0821删] 原估算值5.0N(两指法向力之和(5×f_min外推,估算))",两指法向力之和,0.5,未找到实测,,F_single = F_total/2 (SAFETYVTLA默认)
E039,0.25,,ExpForce实测,1,本物实测,ExpForce_dataset_官方原始.csv (UT Austin; LEGATO两指爪+FORTE触觉指实测夹持力); f_max=5×f_min外推(待复核),"[0821删] 原估算值0.75N(两指法向力之和(5×f_min外推,估算))",两指法向力之和,0.125,未找到实测,,F_single = F_total/2 (SAFETYVTLA默认)
E040,0.25,2.4,ExpForce实测,1,本物实测,"ExpForce_dataset_官方原始.csv (UT Austin; LEGATO两指爪+FORTE触觉指实测夹持力); f_max=5×f_min外推(待复核) | Mao et al. 2024, Advanced Intelligent Systems 6(8) DOI:10.1002/aisy.202400175, 仿生光纤触觉指实测最大损伤力; https://onlinelibrary.wiley.com/doi/full/10.1002/aisy.202400175",文献实测(薯片最大损伤力),两指法向力之和,0.125,单指法向力(压头加载),4.8,F_total = 2×F_single (SAFETYVTLA默认反算)
E041,1.5,,ExpForce实测,1,本物实测,ExpForce_dataset_官方原始.csv (UT Austin; LEGATO两指爪+FORTE触觉指实测夹持力); f_max=5×f_min外推(待复核),"[0821删] 原估算值3.0N(两指法向力之和(5×f_min外推,估算))",两指法向力之和,0.75,未找到实测,,F_single = F_total/2 (SAFETYVTLA默认)
E042,1.0,,ExpForce实测,1,本物实测,ExpForce_dataset_官方原始.csv (UT Austin; LEGATO两指爪+FORTE触觉指实测夹持力); f_max=5×f_min外推(待复核),"[0821删] 原估算值5.0N(两指法向力之和(5×f_min外推,估算))",两指法向力之和,0.5,未找到实测,,F_single = F_total/2 (SAFETYVTLA默认)
E043,2.0,,ExpForce实测,1,本物实测,ExpForce_dataset_官方原始.csv (UT Austin; LEGATO两指爪+FORTE触觉指实测夹持力); f_max=5×f_min外推(待复核),"[0821删] 原估算值10.0N(两指法向力之和(5×f_min外推,估算))",两指法向力之和,1,未找到实测,,F_single = F_total/2 (SAFETYVTLA默认)
E044,2.0,,ExpForce实测,1,本物实测,ExpForce_dataset_官方原始.csv (UT Austin; LEGATO两指爪+FORTE触觉指实测夹持力); f_max=5×f_min外推(待复核),"[0821删] 原估算值10.0N(两指法向力之和(5×f_min外推,估算))",两指法向力之和,1,未找到实测,,F_single = F_total/2 (SAFETYVTLA默认)
E045,3.0,,ExpForce实测,1,本物实测,ExpForce_dataset_官方原始.csv (UT Austin; LEGATO两指爪+FORTE触觉指实测夹持力); f_max=5×f_min外推(待复核),"[0821删] 原估算值15.0N(两指法向力之和(5×f_min外推,估算))",两指法向力之和,1.5,未找到实测,,F_single = F_total/2 (SAFETYVTLA默认)
E046,2.0,,ExpForce实测,1,本物实测,ExpForce_dataset_官方原始.csv (UT Austin; LEGATO两指爪+FORTE触觉指实测夹持力); f_max=5×f_min外推(待复核),"[0821删] 原估算值10.0N(两指法向力之和(5×f_min外推,估算))",两指法向力之和,1,未找到实测,,F_single = F_total/2 (SAFETYVTLA默认)
E047,2.0,,ExpForce实测,1,本物实测,ExpForce_dataset_官方原始.csv (UT Austin; LEGATO两指爪+FORTE触觉指实测夹持力); f_max=5×f_min外推(待复核),"[0821删] 原估算值10.0N(两指法向力之和(5×f_min外推,估算))",两指法向力之和,1,未找到实测,,F_single = F_total/2 (SAFETYVTLA默认)
E048,0.25,,ExpForce实测,1,本物实测,ExpForce_dataset_官方原始.csv (UT Austin; LEGATO两指爪+FORTE触觉指实测夹持力); f_max=5×f_min外推(待复核) | 棉花糖: 未找到文献实测值,"[0821删] 原估算值0.75N(两指法向力之和(5×f_min外推,估算))",两指法向力之和,0.125,未找到实测,,F_single = F_total/2 (SAFETYVTLA默认)
E049,0.25,,ExpForce实测,1,本物实测,ExpForce_dataset_官方原始.csv (UT Austin; LEGATO两指爪+FORTE触觉指实测夹持力); f_max=5×f_min外推(待复核) | 棉花糖: 未找到文献实测值,"[0821删] 原估算值0.75N(两指法向力之和(5×f_min外推,估算))",两指法向力之和,0.125,未找到实测,,F_single = F_total/2 (SAFETYVTLA默认)
E050,1.0,,ExpForce实测,1,本物实测,ExpForce_dataset_官方原始.csv (UT Austin; LEGATO两指爪+FORTE触觉指实测夹持力); f_max=5×f_min外推(待复核),"[0821删] 原估算值5.0N(两指法向力之和(5×f_min外推,估算))",两指法向力之和,0.5,未找到实测,,F_single = F_total/2 (SAFETYVTLA默认)
E051,1.0,,ExpForce实测,1,本物实测,ExpForce_dataset_官方原始.csv (UT Austin; LEGATO两指爪+FORTE触觉指实测夹持力); f_max=5×f_min外推(待复核),"[0821删] 原估算值5.0N(两指法向力之和(5×f_min外推,估算))",两指法向力之和,0.5,未找到实测,,F_single = F_total/2 (SAFETYVTLA默认)
E052,2.0,,ExpForce实测,1,本物实测,ExpForce_dataset_官方原始.csv (UT Austin; LEGATO两指爪+FORTE触觉指实测夹持力); f_max=5×f_min外推(待复核),"[0821删] 原估算值10.0N(两指法向力之和(5×f_min外推,估算))",两指法向力之和,1,未找到实测,,F_single = F_total/2 (SAFETYVTLA默认)
E053,5.0,,ExpForce实测,1,本物实测,ExpForce_dataset_官方原始.csv (UT Austin; LEGATO两指爪+FORTE触觉指实测夹持力); f_max=5×f_min外推(待复核),"[0821删] 原估算值25.0N(两指法向力之和(5×f_min外推,估算))",两指法向力之和,2.5,未找到实测,,F_single = F_total/2 (SAFETYVTLA默认)
E054,1.75,,ExpForce实测,1,本物实测,ExpForce_dataset_官方原始.csv (UT Austin; LEGATO两指爪+FORTE触觉指实测夹持力); f_max=5×f_min外推(待复核),"[0821删] 原估算值8.75N(两指法向力之和(5×f_min外推,估算))",两指法向力之和,0.875,未找到实测,,F_single = F_total/2 (SAFETYVTLA默认)
E055,0.75,,ExpForce实测,1,本物实测,ExpForce_dataset_官方原始.csv (UT Austin; LEGATO两指爪+FORTE触觉指实测夹持力); f_max=5×f_min外推(待复核),"[0821删] 原估算值3.75N(两指法向力之和(5×f_min外推,估算))",两指法向力之和,0.375,未找到实测,,F_single = F_total/2 (SAFETYVTLA默认)
E056,1.0,194.0,ExpForce实测,1,本物实测,ExpForce_dataset_官方原始.csv (UT Austin; LEGATO两指爪+FORTE触觉指实测夹持力); f_max=5×f_min外推(待复核) | Jahanbakhshi2020 Int J Fruit Sci 20(3) 香蕉准静态压缩; https://www.tandfonline.com/doi/full/10.1080/15538362.2019.1633723,文献实测(准静态压缩压伤最大力),两指法向力之和,0.5,单指法向力(平板压缩),388,F_total = 2×F_single (SAFETYVTLA默认反算)
E057,1.0,,ExpForce实测,1,本物实测,ExpForce_dataset_官方原始.csv (UT Austin; LEGATO两指爪+FORTE触觉指实测夹持力); f_max=5×f_min外推(待复核),"[0821删] 原估算值5.0N(两指法向力之和(5×f_min外推,估算))",两指法向力之和,0.5,未找到实测,,F_single = F_total/2 (SAFETYVTLA默认)
E058,1.25,,ExpForce实测,1,本物实测,ExpForce_dataset_官方原始.csv (UT Austin; LEGATO两指爪+FORTE触觉指实测夹持力); f_max=5×f_min外推(待复核),"[0821删] 原估算值6.25N(两指法向力之和(5×f_min外推,估算))",两指法向力之和,0.625,未找到实测,,F_single = F_total/2 (SAFETYVTLA默认)
E059,2.0,,ExpForce实测,1,本物实测,ExpForce_dataset_官方原始.csv (UT Austin; LEGATO两指爪+FORTE触觉指实测夹持力); f_max=5×f_min外推(待复核),"[0821删] 原估算值10.0N(两指法向力之和(5×f_min外推,估算))",两指法向力之和,1,未找到实测,,F_single = F_total/2 (SAFETYVTLA默认)
E060,0.5,42.0,ExpForce实测,1,本物实测,"ExpForce_dataset_官方原始.csv (UT Austin; LEGATO两指爪+FORTE触觉指实测夹持力); f_max=5×f_min外推(待复核) | 鸡蛋壳平板压缩破碎力42-51N: De Ketelaere2002 Br Poult Sci 43:238; Altuntas&Sekeroglu2008 DOI:10.1111/j.1745-4530.2008.00263.x; Sutanto2025 Commun Phys 8:182 DOI:10.1038/s42005-025-02087-0 | 参照: 软指夹爪以0.12N成功夹持鸡蛋(Mun2024, 安全下界)",文献实测(平板压缩破碎力下限),两指法向力之和,0.25,单指法向力(平板压缩),84,F_total = 2×F_single (SAFETYVTLA默认反算)
E061,0.5,42.0,ExpForce实测,1,本物实测,"ExpForce_dataset_官方原始.csv (UT Austin; LEGATO两指爪+FORTE触觉指实测夹持力); f_max=5×f_min外推(待复核) | 鸡蛋壳平板压缩破碎力42-51N: De Ketelaere2002 Br Poult Sci 43:238; Altuntas&Sekeroglu2008 DOI:10.1111/j.1745-4530.2008.00263.x; Sutanto2025 Commun Phys 8:182 DOI:10.1038/s42005-025-02087-0 | 参照: 软指夹爪以0.12N成功夹持鸡蛋(Mun2024, 安全下界)",文献实测(平板压缩破碎力下限),两指法向力之和,0.25,单指法向力(平板压缩),84,F_total = 2×F_single (SAFETYVTLA默认反算)
E062,3.0,,ExpForce实测,1,本物实测,ExpForce_dataset_官方原始.csv (UT Austin; LEGATO两指爪+FORTE触觉指实测夹持力); f_max=5×f_min外推(待复核),"[0821删] 原估算值15.0N(两指法向力之和(5×f_min外推,估算))",两指法向力之和,1.5,未找到实测,,F_single = F_total/2 (SAFETYVTLA默认)
E063,1.25,,ExpForce实测,1,本物实测,ExpForce_dataset_官方原始.csv (UT Austin; LEGATO两指爪+FORTE触觉指实测夹持力); f_max=5×f_min外推(待复核),"[0821删] 原估算值6.25N(两指法向力之和(5×f_min外推,估算))",两指法向力之和,0.625,未找到实测,,F_single = F_total/2 (SAFETYVTLA默认)
E064,1.5,42.0,ExpForce实测,1,本物实测,ExpForce_dataset_官方原始.csv (UT Austin; LEGATO两指爪+FORTE触觉指实测夹持力); f_max=5×f_min外推(待复核) | Deveci梨破裂力41.95-52.69N; https://www.researchgate.net/publication/338448198,文献实测(果皮破裂力下限),两指法向力之和,0.75,单指法向力(平板压缩),84,F_total = 2×F_single (SAFETYVTLA默认反算)
E065,0.75,50.57,ExpForce实测,1,本物实测,ExpForce_dataset_官方原始.csv (UT Austin; LEGATO两指爪+FORTE触觉指实测夹持力); f_max=5×f_min外推(待复核) | Jentzsch2022 Frontiers in Materials 9 柠檬压缩50%形变50.57N; https://www.frontiersin.org/journals/materials/articles/10.3389/fmats.2022.979151/full,文献实测(压缩50%形变最大力),两指法向力之和,0.375,单指法向力(平板压缩),101.14,F_total = 2×F_single (SAFETYVTLA默认反算)
E066,1.5,40.0,ExpForce实测,1,本物实测,ExpForce_dataset_官方原始.csv (UT Austin; LEGATO两指爪+FORTE触觉指实测夹持力); f_max=5×f_min外推(待复核) | Zhu2022 Food Sci Technol Res 28(1) 苹果压缩损伤阈值40N; Wang2024 Processes 12:543 压伤阈值54N; https://mdpi-res.com/d_attachment/processes/processes-12-00543/article_deploy/processes-12-00543.pdf,文献实测(压缩损伤阈值),两指法向力之和,0.75,单指法向力(平板压缩),80,F_total = 2×F_single (SAFETYVTLA默认反算)
E067,1.5,40.0,ExpForce实测,1,本物实测,ExpForce_dataset_官方原始.csv (UT Austin; LEGATO两指爪+FORTE触觉指实测夹持力); f_max=5×f_min外推(待复核) | Zhu2022 Food Sci Technol Res 28(1) 苹果压缩损伤阈值40N; Wang2024 Processes 12:543 压伤阈值54N; https://mdpi-res.com/d_attachment/processes/processes-12-00543/article_deploy/processes-12-00543.pdf,文献实测(压缩损伤阈值),两指法向力之和,0.75,单指法向力(平板压缩),80,F_total = 2×F_single (SAFETYVTLA默认反算)
E068,1.5,40.0,ExpForce实测,1,本物实测,ExpForce_dataset_官方原始.csv (UT Austin; LEGATO两指爪+FORTE触觉指实测夹持力); f_max=5×f_min外推(待复核) | Zhu2022 Food Sci Technol Res 28(1) 苹果压缩损伤阈值40N; Wang2024 Processes 12:543 压伤阈值54N; https://mdpi-res.com/d_attachment/processes/processes-12-00543/article_deploy/processes-12-00543.pdf,文献实测(压缩损伤阈值),两指法向力之和,0.75,单指法向力(平板压缩),80,F_total = 2×F_single (SAFETYVTLA默认反算)
E069,2.0,40.0,ExpForce实测,1,本物实测,ExpForce_dataset_官方原始.csv (UT Austin; LEGATO两指爪+FORTE触觉指实测夹持力); f_max=5×f_min外推(待复核) | Zhu2022 Food Sci Technol Res 28(1) 苹果压缩损伤阈值40N; Wang2024 Processes 12:543 压伤阈值54N; https://mdpi-res.com/d_attachment/processes/processes-12-00543/article_deploy/processes-12-00543.pdf,文献实测(压缩损伤阈值),两指法向力之和,1,单指法向力(平板压缩),80,F_total = 2×F_single (SAFETYVTLA默认反算)
E070,0.5,,ExpForce实测,1,本物实测,ExpForce_dataset_官方原始.csv (UT Austin; LEGATO两指爪+FORTE触觉指实测夹持力); f_max=5×f_min外推(待复核) | 文献参照: 96份甜椒资源破裂力1.26-38.37N(中华农业科学2025); https://www.chinaagrisci.com/EN/10.3864/j.issn.0578-1752.2025.14.011,"[0821删] 原估算值1.5N(两指法向力之和(5×f_min外推,估算))",两指法向力之和,0.25,未找到实测,,F_single = F_total/2 (SAFETYVTLA默认)
E071,0.5,,ExpForce实测,1,本物实测,ExpForce_dataset_官方原始.csv (UT Austin; LEGATO两指爪+FORTE触觉指实测夹持力); f_max=5×f_min外推(待复核) | 文献参照: 96份甜椒资源破裂力1.26-38.37N(中华农业科学2025); https://www.chinaagrisci.com/EN/10.3864/j.issn.0578-1752.2025.14.011,"[0821删] 原估算值1.5N(两指法向力之和(5×f_min外推,估算))",两指法向力之和,0.25,未找到实测,,F_single = F_total/2 (SAFETYVTLA默认)
E072,0.5,,ExpForce实测,1,本物实测,ExpForce_dataset_官方原始.csv (UT Austin; LEGATO两指爪+FORTE触觉指实测夹持力); f_max=5×f_min外推(待复核) | 文献参照: 96份甜椒资源破裂力1.26-38.37N(中华农业科学2025); https://www.chinaagrisci.com/EN/10.3864/j.issn.0578-1752.2025.14.011,"[0821删] 原估算值1.5N(两指法向力之和(5×f_min外推,估算))",两指法向力之和,0.25,未找到实测,,F_single = F_total/2 (SAFETYVTLA默认)
E073,0.5,0.6,ExpForce实测,1,本物实测,"ExpForce_dataset_官方原始.csv (UT Austin; LEGATO两指爪+FORTE触觉指实测夹持力); f_max=5×f_min外推(待复核) | 钟燚等2025 农业工程学报41(21) 草莓夹持0.6-1N损伤率55%; http://tcsae.org/article/doi/10.11975/j.issn.1002-6819.202411048 | 交叉验证: Mao2024测草莓损伤0.5N, 与钟燚0.6N一致","文献实测(夹持损伤阈值,单指/合力未确认)",两指法向力之和,0.25,"夹持法向力(单指/合力未确认,保守按合力)",0.6,F_single = F_total/2 (SAFETYVTLA默认)
E074,1.0,0.6,ExpForce实测,1,本物实测,"ExpForce_dataset_官方原始.csv (UT Austin; LEGATO两指爪+FORTE触觉指实测夹持力); f_max=5×f_min外推(待复核) | 钟燚等2025 农业工程学报41(21) 草莓夹持0.6-1N损伤率55%; http://tcsae.org/article/doi/10.11975/j.issn.1002-6819.202411048 | 交叉验证: Mao2024测草莓损伤0.5N, 与钟燚0.6N一致","文献实测(夹持损伤阈值,单指/合力未确认)",两指法向力之和,0.5,"夹持法向力(单指/合力未确认,保守按合力)",0.6,F_single = F_total/2 (SAFETYVTLA默认)
E075,1.0,13.3,ExpForce实测,1,本物实测,ExpForce_dataset_官方原始.csv (UT Austin; LEGATO两指爪+FORTE触觉指实测夹持力); f_max=5×f_min外推(待复核) | 参照: 同E030 柑橘指尖力安全范围,文献实测(蜜橘压缩力下限),两指法向力之和,0.5,单指法向力(平板压缩),26.6,F_total = 2×F_single (SAFETYVTLA默认反算)
E076,0.5,4.0,ExpForce实测,1,本物实测,ExpForce_dataset_官方原始.csv (UT Austin; LEGATO两指爪+FORTE触觉指实测夹持力); f_max=5×f_min外推(待复核) | Inouye2013 HortScience 48(9) 葡萄整粒压缩4.0-13.9N; https://journals.ashs.org/hortsci/view/journals/hortsci/48/9/article-p1130.xml,文献实测(整粒压缩破裂力下限),两指法向力之和,0.25,单指法向力(平板压缩),8,F_total = 2×F_single (SAFETYVTLA默认反算)
E077,0.5,4.0,ExpForce实测,1,本物实测,ExpForce_dataset_官方原始.csv (UT Austin; LEGATO两指爪+FORTE触觉指实测夹持力); f_max=5×f_min外推(待复核) | Inouye2013 HortScience 48(9) 葡萄整粒压缩4.0-13.9N; https://journals.ashs.org/hortsci/view/journals/hortsci/48/9/article-p1130.xml,文献实测(整粒压缩破裂力下限),两指法向力之和,0.25,单指法向力(平板压缩),8,F_total = 2×F_single (SAFETYVTLA默认反算)
E078,0.5,4.0,ExpForce实测,1,本物实测,ExpForce_dataset_官方原始.csv (UT Austin; LEGATO两指爪+FORTE触觉指实测夹持力); f_max=5×f_min外推(待复核) | Inouye2013 HortScience 48(9) 葡萄整粒压缩4.0-13.9N; https://journals.ashs.org/hortsci/view/journals/hortsci/48/9/article-p1130.xml,文献实测(整粒压缩破裂力下限),两指法向力之和,0.25,单指法向力(平板压缩),8,F_total = 2×F_single (SAFETYVTLA默认反算)
E079,0.5,4.0,ExpForce实测,1,本物实测,ExpForce_dataset_官方原始.csv (UT Austin; LEGATO两指爪+FORTE触觉指实测夹持力); f_max=5×f_min外推(待复核) | Inouye2013 HortScience 48(9) 葡萄整粒压缩4.0-13.9N; https://journals.ashs.org/hortsci/view/journals/hortsci/48/9/article-p1130.xml,文献实测(整粒压缩破裂力下限),两指法向力之和,0.25,单指法向力(平板压缩),8,F_total = 2×F_single (SAFETYVTLA默认反算)
E080,0.5,21.42,ExpForce实测,1,本物实测,"ExpForce_dataset_官方原始.csv (UT Austin; LEGATO两指爪+FORTE触觉指实测夹持力); f_max=5×f_min外推(待复核) | 熊征等2020 现代农业装备41(3) 樱桃番茄纵向21.42N/横向37.59N; https://www.aeeisp.com/xdnyzb/cn/article/pdf/preview/ccd641a3-9bc1-4640-b72a-da69cf956a52.pdf | 参照: 千禧小番茄驱动载荷11-14.56N时损伤度0(华南农大2022, 驱动载荷非接触力); https://journal.scau.edu.cn/article/doi/10.7671/j.issn.1001-411X.202212021",文献实测(纵向挤压破裂力),两指法向力之和,0.25,单指法向力(平板挤压),42.84,F_total = 2×F_single (SAFETYVTLA默认反算)
E081,0.5,21.42,ExpForce实测,1,本物实测,ExpForce_dataset_官方原始.csv (UT Austin; LEGATO两指爪+FORTE触觉指实测夹持力); f_max=5×f_min外推(待复核) | 熊征等2020 现代农业装备41(3) 樱桃番茄纵向21.42N/横向37.59N; https://www.aeeisp.com/xdnyzb/cn/article/pdf/preview/ccd641a3-9bc1-4640-b72a-da69cf956a52.pdf | 参照: 同E080 小番茄驱动载荷损伤度0,文献实测(纵向挤压破裂力),两指法向力之和,0.25,单指法向力(平板挤压),42.84,F_total = 2×F_single (SAFETYVTLA默认反算)
E082,0.5,21.42,ExpForce实测,1,本物实测,ExpForce_dataset_官方原始.csv (UT Austin; LEGATO两指爪+FORTE触觉指实测夹持力); f_max=5×f_min外推(待复核) | 熊征等2020 现代农业装备41(3) 樱桃番茄纵向21.42N/横向37.59N; https://www.aeeisp.com/xdnyzb/cn/article/pdf/preview/ccd641a3-9bc1-4640-b72a-da69cf956a52.pdf,文献实测(纵向挤压破裂力),两指法向力之和,0.25,单指法向力(平板挤压),42.84,F_total = 2×F_single (SAFETYVTLA默认反算)
E083,0.5,21.42,ExpForce实测,1,本物实测,ExpForce_dataset_官方原始.csv (UT Austin; LEGATO两指爪+FORTE触觉指实测夹持力); f_max=5×f_min外推(待复核) | 熊征等2020 现代农业装备41(3) 樱桃番茄纵向21.42N/横向37.59N; https://www.aeeisp.com/xdnyzb/cn/article/pdf/preview/ccd641a3-9bc1-4640-b72a-da69cf956a52.pdf,文献实测(纵向挤压破裂力),两指法向力之和,0.25,单指法向力(平板挤压),42.84,F_total = 2×F_single (SAFETYVTLA默认反算)
E084,0.5,21.42,ExpForce实测,1,本物实测,ExpForce_dataset_官方原始.csv (UT Austin; LEGATO两指爪+FORTE触觉指实测夹持力); f_max=5×f_min外推(待复核) | 熊征等2020 现代农业装备41(3) 樱桃番茄纵向21.42N/横向37.59N; https://www.aeeisp.com/xdnyzb/cn/article/pdf/preview/ccd641a3-9bc1-4640-b72a-da69cf956a52.pdf,文献实测(纵向挤压破裂力),两指法向力之和,0.25,单指法向力(平板挤压),42.84,F_total = 2×F_single (SAFETYVTLA默认反算)
E085,0.5,21.42,ExpForce实测,1,本物实测,ExpForce_dataset_官方原始.csv (UT Austin; LEGATO两指爪+FORTE触觉指实测夹持力); f_max=5×f_min外推(待复核) | 熊征等2020 现代农业装备41(3) 樱桃番茄纵向21.42N/横向37.59N; https://www.aeeisp.com/xdnyzb/cn/article/pdf/preview/ccd641a3-9bc1-4640-b72a-da69cf956a52.pdf,文献实测(纵向挤压破裂力),两指法向力之和,0.25,单指法向力(平板挤压),42.84,F_total = 2×F_single (SAFETYVTLA默认反算)
E086,0.25,0.4,ExpForce实测,1,本物实测,"ExpForce_dataset_官方原始.csv (UT Austin; LEGATO两指爪+FORTE触觉指实测夹持力); f_max=5×f_min外推(待复核) | 文献参照: 蓝莓bioyield力0.491N, 仪器压缩上限2.2N(USDA/PMC); https://www.ars.usda.gov/ARSUserFiles/30200525/PortableInstrumentsPA999.pdf | Mao et al. 2024, Advanced Intelligent Systems 6(8) DOI:10.1002/aisy.202400175, 仿生光纤触觉指实测最大损伤力; https://onlinelibrary.wiley.com/doi/full/10.1002/aisy.202400175",文献实测(蓝莓最大损伤力),两指法向力之和,0.125,单指法向力(压头加载),0.8,F_total = 2×F_single (SAFETYVTLA默认反算)
E087,0.25,,ExpForce实测,1,本物实测,ExpForce_dataset_官方原始.csv (UT Austin; LEGATO两指爪+FORTE触觉指实测夹持力); f_max=5×f_min外推(待复核) | 树莓: 未找到文献实测值,"[0821删] 原估算值0.75N(两指法向力之和(5×f_min外推,估算))",两指法向力之和,0.125,未找到实测,,F_single = F_total/2 (SAFETYVTLA默认)
E088,0.25,8.0,ExpForce实测,1,本物实测,ExpForce_dataset_官方原始.csv (UT Austin; LEGATO两指爪+FORTE触觉指实测夹持力); f_max=5×f_min外推(待复核),文献实测(非脆性品种压缩力),两指法向力之和,0.125,单指法向力(平板压缩),16,F_total = 2×F_single (SAFETYVTLA默认反算)
E089,2.0,,ExpForce实测,1,本物实测,ExpForce_dataset_官方原始.csv (UT Austin; LEGATO两指爪+FORTE触觉指实测夹持力); f_max=5×f_min外推(待复核),"[0821删] 原估算值10.0N(两指法向力之和(5×f_min外推,估算))",两指法向力之和,1,未找到实测,,F_single = F_total/2 (SAFETYVTLA默认)
E090,2.0,,ExpForce实测,1,本物实测,ExpForce_dataset_官方原始.csv (UT Austin; LEGATO两指爪+FORTE触觉指实测夹持力); f_max=5×f_min外推(待复核),"[0821删] 原估算值10.0N(两指法向力之和(5×f_min外推,估算))",两指法向力之和,1,未找到实测,,F_single = F_total/2 (SAFETYVTLA默认)
E091,2.0,,ExpForce实测,1,本物实测,ExpForce_dataset_官方原始.csv (UT Austin; LEGATO两指爪+FORTE触觉指实测夹持力); f_max=5×f_min外推(待复核),"[0821删] 原估算值10.0N(两指法向力之和(5×f_min外推,估算))",两指法向力之和,1,未找到实测,,F_single = F_total/2 (SAFETYVTLA默认)
E092,2.25,,ExpForce实测,1,本物实测,ExpForce_dataset_官方原始.csv (UT Austin; LEGATO两指爪+FORTE触觉指实测夹持力); f_max=5×f_min外推(待复核),"[0821删] 原估算值11.25N(两指法向力之和(5×f_min外推,估算))",两指法向力之和,1.125,未找到实测,,F_single = F_total/2 (SAFETYVTLA默认)
E093,3.25,,ExpForce实测,1,本物实测,ExpForce_dataset_官方原始.csv (UT Austin; LEGATO两指爪+FORTE触觉指实测夹持力); f_max=5×f_min外推(待复核),"[0821删] 原估算值16.25N(两指法向力之和(5×f_min外推,估算))",两指法向力之和,1.625,未找到实测,,F_single = F_total/2 (SAFETYVTLA默认)
E094,2.5,,ExpForce实测,1,本物实测,ExpForce_dataset_官方原始.csv (UT Austin; LEGATO两指爪+FORTE触觉指实测夹持力); f_max=5×f_min外推(待复核),"[0821删] 原估算值12.5N(两指法向力之和(5×f_min外推,估算))",两指法向力之和,1.25,未找到实测,,F_single = F_total/2 (SAFETYVTLA默认)
E095,2.5,,ExpForce实测,1,本物实测,ExpForce_dataset_官方原始.csv (UT Austin; LEGATO两指爪+FORTE触觉指实测夹持力); f_max=5×f_min外推(待复核),"[0821删] 原估算值12.5N(两指法向力之和(5×f_min外推,估算))",两指法向力之和,1.25,未找到实测,,F_single = F_total/2 (SAFETYVTLA默认)
E096,1.5,,ExpForce实测,1,本物实测,ExpForce_dataset_官方原始.csv (UT Austin; LEGATO两指爪+FORTE触觉指实测夹持力); f_max=5×f_min外推(待复核),"[0821删] 原估算值7.5N(两指法向力之和(5×f_min外推,估算))",两指法向力之和,0.75,未找到实测,,F_single = F_total/2 (SAFETYVTLA默认)
E097,2.0,,ExpForce实测,1,本物实测,ExpForce_dataset_官方原始.csv (UT Austin; LEGATO两指爪+FORTE触觉指实测夹持力); f_max=5×f_min外推(待复核),"[0821删] 原估算值10.0N(两指法向力之和(5×f_min外推,估算))",两指法向力之和,1,未找到实测,,F_single = F_total/2 (SAFETYVTLA默认)
E098,4.5,,ExpForce实测,1,本物实测,ExpForce_dataset_官方原始.csv (UT Austin; LEGATO两指爪+FORTE触觉指实测夹持力); f_max=5×f_min外推(待复核),"[0821删] 原估算值22.5N(两指法向力之和(5×f_min外推,估算))",两指法向力之和,2.25,未找到实测,,F_single = F_total/2 (SAFETYVTLA默认)
E099,2.0,,ExpForce实测,1,本物实测,ExpForce_dataset_官方原始.csv (UT Austin; LEGATO两指爪+FORTE触觉指实测夹持力); f_max=5×f_min外推(待复核),"[0821删] 原估算值10.0N(两指法向力之和(5×f_min外推,估算))",两指法向力之和,1,未找到实测,,F_single = F_total/2 (SAFETYVTLA默认)
E100,1.5,,ExpForce实测,1,本物实测,ExpForce_dataset_官方原始.csv (UT Austin; LEGATO两指爪+FORTE触觉指实测夹持力); f_max=5×f_min外推(待复核),"[0821删] 原估算值7.5N(两指法向力之和(5×f_min外推,估算))",两指法向力之和,0.75,未找到实测,,F_single = F_total/2 (SAFETYVTLA默认)
E101,1.0,,ExpForce实测,1,本物实测,ExpForce_dataset_官方原始.csv (UT Austin; LEGATO两指爪+FORTE触觉指实测夹持力); f_max=5×f_min外推(待复核),"[0821删] 原估算值5.0N(两指法向力之和(5×f_min外推,估算))",两指法向力之和,0.5,未找到实测,,F_single = F_total/2 (SAFETYVTLA默认)
E102,2.0,40.0,ExpForce实测,1,本物实测,ExpForce_dataset_官方原始.csv (UT Austin; LEGATO两指爪+FORTE触觉指实测夹持力); f_max=5×f_min外推(待复核) | Zhu2022 Food Sci Technol Res 28(1) 苹果压缩损伤阈值40N; Wang2024 Processes 12:543 压伤阈值54N; https://mdpi-res.com/d_attachment/processes/processes-12-00543/article_deploy/processes-12-00543.pdf,文献实测(压缩损伤阈值),两指法向力之和,1,单指法向力(平板压缩),80,F_total = 2×F_single (SAFETYVTLA默认反算)
E103,2.0,163.0,ExpForce实测,1,本物实测,ExpForce_dataset_官方原始.csv (UT Austin; LEGATO两指爪+FORTE触觉指实测夹持力); f_max=5×f_min外推(待复核) | 脐橙挤压损伤力学 农业工程学报 横向163.46N/纵向196.15N; http://www.tcsae.org/cn/article/id/687bd121-9deb-4e40-8783-d19f0865852c,文献实测(横向极限载荷),两指法向力之和,1,单指法向力(平板压缩),326,F_total = 2×F_single (SAFETYVTLA默认反算)
E104,3.0,,ExpForce实测,1,本物实测,ExpForce_dataset_官方原始.csv (UT Austin; LEGATO两指爪+FORTE触觉指实测夹持力); f_max=5×f_min外推(待复核),"[0821删] 原估算值15.0N(两指法向力之和(5×f_min外推,估算))",两指法向力之和,1.5,未找到实测,,F_single = F_total/2 (SAFETYVTLA默认)
E105,3.25,,ExpForce实测,1,本物实测,ExpForce_dataset_官方原始.csv (UT Austin; LEGATO两指爪+FORTE触觉指实测夹持力); f_max=5×f_min外推(待复核),"[0821删] 原估算值16.25N(两指法向力之和(5×f_min外推,估算))",两指法向力之和,1.625,未找到实测,,F_single = F_total/2 (SAFETYVTLA默认)
E106,5.0,,ExpForce实测,1,本物实测,ExpForce_dataset_官方原始.csv (UT Austin; LEGATO两指爪+FORTE触觉指实测夹持力); f_max=5×f_min外推(待复核),"[0821删] 原估算值25.0N(两指法向力之和(5×f_min外推,估算))",两指法向力之和,2.5,未找到实测,,F_single = F_total/2 (SAFETYVTLA默认)
E107,2.0,,ExpForce实测,1,本物实测,ExpForce_dataset_官方原始.csv (UT Austin; LEGATO两指爪+FORTE触觉指实测夹持力); f_max=5×f_min外推(待复核),"[0821删] 原估算值10.0N(两指法向力之和(5×f_min外推,估算))",两指法向力之和,1,未找到实测,,F_single = F_total/2 (SAFETYVTLA默认)
E108,2.5,,ExpForce实测,1,本物实测,ExpForce_dataset_官方原始.csv (UT Austin; LEGATO两指爪+FORTE触觉指实测夹持力); f_max=5×f_min外推(待复核),"[0821删] 原估算值5.0N(两指法向力之和(5×f_min外推,估算))",两指法向力之和,1.25,未找到实测,,F_single = F_total/2 (SAFETYVTLA默认)
E109,2.0,,ExpForce实测,1,本物实测,ExpForce_dataset_官方原始.csv (UT Austin; LEGATO两指爪+FORTE触觉指实测夹持力); f_max=5×f_min外推(待复核),"[0821删] 原估算值10.0N(两指法向力之和(5×f_min外推,估算))",两指法向力之和,1,未找到实测,,F_single = F_total/2 (SAFETYVTLA默认)
E110,1.0,,ExpForce实测,1,本物实测,ExpForce_dataset_官方原始.csv (UT Austin; LEGATO两指爪+FORTE触觉指实测夹持力); f_max=5×f_min外推(待复核),"[0821删] 原估算值5.0N(两指法向力之和(5×f_min外推,估算))",两指法向力之和,0.5,未找到实测,,F_single = F_total/2 (SAFETYVTLA默认)
E111,3.5,,ExpForce实测,1,本物实测,ExpForce_dataset_官方原始.csv (UT Austin; LEGATO两指爪+FORTE触觉指实测夹持力); f_max=5×f_min外推(待复核),"[0821删] 原估算值17.5N(两指法向力之和(5×f_min外推,估算))",两指法向力之和,1.75,未找到实测,,F_single = F_total/2 (SAFETYVTLA默认)
E112,2.0,,ExpForce实测,1,本物实测,ExpForce_dataset_官方原始.csv (UT Austin; LEGATO两指爪+FORTE触觉指实测夹持力); f_max=5×f_min外推(待复核),"[0821删] 原估算值10.0N(两指法向力之和(5×f_min外推,估算))",两指法向力之和,1,未找到实测,,F_single = F_total/2 (SAFETYVTLA默认)
E113,1.5,,ExpForce实测,1,本物实测,ExpForce_dataset_官方原始.csv (UT Austin; LEGATO两指爪+FORTE触觉指实测夹持力); f_max=5×f_min外推(待复核),"[0821删] 原估算值7.5N(两指法向力之和(5×f_min外推,估算))",两指法向力之和,0.75,未找到实测,,F_single = F_total/2 (SAFETYVTLA默认)
E114,0.25,,ExpForce实测,1,本物实测,ExpForce_dataset_官方原始.csv (UT Austin; LEGATO两指爪+FORTE触觉指实测夹持力); f_max=5×f_min外推(待复核),"[0821删] 原估算值0.75N(两指法向力之和(5×f_min外推,估算))",两指法向力之和,0.125,未找到实测,,F_single = F_total/2 (SAFETYVTLA默认)
E115,0.25,,ExpForce实测,1,本物实测,ExpForce_dataset_官方原始.csv (UT Austin; LEGATO两指爪+FORTE触觉指实测夹持力); f_max=5×f_min外推(待复核),"[0821删] 原估算值1.25N(两指法向力之和(5×f_min外推,估算))",两指法向力之和,0.125,未找到实测,,F_single = F_total/2 (SAFETYVTLA默认)
E116,1.5,,ExpForce实测,1,本物实测,ExpForce_dataset_官方原始.csv (UT Austin; LEGATO两指爪+FORTE触觉指实测夹持力); f_max=5×f_min外推(待复核),"[0821删] 原估算值3.0N(两指法向力之和(5×f_min外推,估算))",两指法向力之和,0.75,未找到实测,,F_single = F_total/2 (SAFETYVTLA默认)
E117,1.0,,ExpForce实测,1,本物实测,ExpForce_dataset_官方原始.csv (UT Austin; LEGATO两指爪+FORTE触觉指实测夹持力); f_max=5×f_min外推(待复核),"[0821删] 原估算值2.0N(两指法向力之和(5×f_min外推,估算))",两指法向力之和,0.5,未找到实测,,F_single = F_total/2 (SAFETYVTLA默认)
E118,1.0,,ExpForce实测,1,本物实测,ExpForce_dataset_官方原始.csv (UT Austin; LEGATO两指爪+FORTE触觉指实测夹持力); f_max=5×f_min外推(待复核),"[0821删] 原估算值2.0N(两指法向力之和(5×f_min外推,估算))",两指法向力之和,0.5,未找到实测,,F_single = F_total/2 (SAFETYVTLA默认)
E119,1.0,,ExpForce实测,1,本物实测,ExpForce_dataset_官方原始.csv (UT Austin; LEGATO两指爪+FORTE触觉指实测夹持力); f_max=5×f_min外推(待复核),"[0821删] 原估算值2.0N(两指法向力之和(5×f_min外推,估算))",两指法向力之和,0.5,未找到实测,,F_single = F_total/2 (SAFETYVTLA默认)
E120,1.5,,ExpForce实测,1,本物实测,ExpForce_dataset_官方原始.csv (UT Austin; LEGATO两指爪+FORTE触觉指实测夹持力); f_max=5×f_min外推(待复核),"[0821删] 原估算值3.0N(两指法向力之和(5×f_min外推,估算))",两指法向力之和,0.75,未找到实测,,F_single = F_total/2 (SAFETYVTLA默认)
E121,1.0,,ExpForce实测,1,本物实测,ExpForce_dataset_官方原始.csv (UT Austin; LEGATO两指爪+FORTE触觉指实测夹持力); f_max=5×f_min外推(待复核),"[0821删] 原估算值5.0N(两指法向力之和(5×f_min外推,估算))",两指法向力之和,0.5,未找到实测,,F_single = F_total/2 (SAFETYVTLA默认)
E122,0.25,,ExpForce实测,1,本物实测,ExpForce_dataset_官方原始.csv (UT Austin; LEGATO两指爪+FORTE触觉指实测夹持力); f_max=5×f_min外推(待复核) | 棉花糖: 未找到文献实测值,"[0821删] 原估算值0.75N(两指法向力之和(5×f_min外推,估算))",两指法向力之和,0.125,未找到实测,,F_single = F_total/2 (SAFETYVTLA默认)
E123,3.5,,ExpForce实测,1,本物实测,ExpForce_dataset_官方原始.csv (UT Austin; LEGATO两指爪+FORTE触觉指实测夹持力); f_max=5×f_min外推(待复核),"[0821删] 原估算值17.5N(两指法向力之和(5×f_min外推,估算))",两指法向力之和,1.75,未找到实测,,F_single = F_total/2 (SAFETYVTLA默认)
E124,1.5,,ExpForce实测,1,本物实测,ExpForce_dataset_官方原始.csv (UT Austin; LEGATO两指爪+FORTE触觉指实测夹持力); f_max=5×f_min外推(待复核),"[0821删] 原估算值7.5N(两指法向力之和(5×f_min外推,估算))",两指法向力之和,0.75,未找到实测,,F_single = F_total/2 (SAFETYVTLA默认)
E125,1.0,,ExpForce实测,1,本物实测,ExpForce_dataset_官方原始.csv (UT Austin; LEGATO两指爪+FORTE触觉指实测夹持力); f_max=5×f_min外推(待复核),"[0821删] 原估算值5.0N(两指法向力之和(5×f_min外推,估算))",两指法向力之和,0.5,未找到实测,,F_single = F_total/2 (SAFETYVTLA默认)
E126,1.75,,ExpForce实测,1,本物实测,ExpForce_dataset_官方原始.csv (UT Austin; LEGATO两指爪+FORTE触觉指实测夹持力); f_max=5×f_min外推(待复核),"[0821删] 原估算值8.75N(两指法向力之和(5×f_min外推,估算))",两指法向力之和,0.875,未找到实测,,F_single = F_total/2 (SAFETYVTLA默认)
E127,2.5,,ExpForce实测,1,本物实测,ExpForce_dataset_官方原始.csv (UT Austin; LEGATO两指爪+FORTE触觉指实测夹持力); f_max=5×f_min外推(待复核),"[0821删] 原估算值12.5N(两指法向力之和(5×f_min外推,估算))",两指法向力之和,1.25,未找到实测,,F_single = F_total/2 (SAFETYVTLA默认)
E128,1.5,,ExpForce实测,1,本物实测,ExpForce_dataset_官方原始.csv (UT Austin; LEGATO两指爪+FORTE触觉指实测夹持力); f_max=5×f_min外推(待复核),"[0821删] 原估算值7.5N(两指法向力之和(5×f_min外推,估算))",两指法向力之和,0.75,未找到实测,,F_single = F_total/2 (SAFETYVTLA默认)
E129,7.0,,ExpForce实测,1,本物实测,ExpForce_dataset_官方原始.csv (UT Austin; LEGATO两指爪+FORTE触觉指实测夹持力); f_max=5×f_min外推(待复核),"[0821删] 原估算值35.0N(两指法向力之和(5×f_min外推,估算))",两指法向力之和,3.5,未找到实测,,F_single = F_total/2 (SAFETYVTLA默认)
FRA067,,,未找到实测,0,未找到实测, | [0821删] 原近似转移值0.5N(近似转移(威化薄筒)),[0821删] 原估算值1.0N(两指法向力之和(估算)),,,未找到实测,,F_single = F_total/2 (SAFETYVTLA默认)
FRA068,,,未找到实测,0,未找到实测, | [0821删] 原近似转移值1.0N(近似转移(硬质姜饼)),[0821删] 原估算值2.0N(两指法向力之和(估算)),,,未找到实测,,F_single = F_total/2 (SAFETYVTLA默认)
FRA069,,,未找到实测,0,未找到实测, | [0821删] 原近似转移值1.0N(近似转移(干烤面棒)),[0821删] 原估算值2.0N(两指法向力之和(估算)),,,未找到实测,,F_single = F_total/2 (SAFETYVTLA默认)
FRA070,,,未找到实测,0,未找到实测, | [0821删] 原近似转移值0.5N(近似转移(膨化米饼)),[0821删] 原估算值1.0N(两指法向力之和(估算)),,,未找到实测,,F_single = F_total/2 (SAFETYVTLA默认)
FRA071,,,未找到实测,0,未找到实测, | [0821删] 原近似转移值0.5N(近似转移(脆糖)),[0821删] 原估算值1.0N(两指法向力之和(估算)),,,未找到实测,,F_single = F_total/2 (SAFETYVTLA默认)
FRA072,,,未找到实测,0,未找到实测, | [0821删] 原近似转移值0.25N(近似转移(蜂窝脆糖)),[0821删] 原估算值0.5N(两指法向力之和(估算)),,,未找到实测,,F_single = F_total/2 (SAFETYVTLA默认)
SOF031,1.5,42.0,ExpForce同型实测(Green pear; f_min=1.5N),0,同型实测,"ExpForce_dataset_官方原始.csv (UT Austin; LEGATO两指爪+FORTE触觉指实测夹持力) | Mechanical behavior of Deveci pear cultivar, 破裂力41.95-52.69N; https://www.researchgate.net/publication/338448198",文献实测(果皮破裂力下限),两指法向力之和,0.75,单指法向力(平板压缩),84,F_total = 2×F_single (SAFETYVTLA默认反算)
