object_id,object_family_id,object_name,material_class,mass_kg,dimensions_m,fragile_flag,deformable_flag,source,notes,f_min_value,f_min_unit,f_min_semantics,force_total_or_single,measurement_protocol,trial_count,trial_values,selected_value,gripper_model,sensor_model,calibration_id
FRA001,glass_cup,玻璃水杯(厚壁直筒),玻璃,,,1,0,超市/家里,"深度图可能空洞,拍两种光照",,,,,,,,,,,
FRA002,glass_cup,玻璃水杯(薄壁),玻璃,,,1,0,超市,"薄壁,避免强反光",,,,,,,,,,,
FRA003,glass_stemware,红酒杯(高脚),玻璃,,,1,0,超市/家里,"杯壁极薄,柄细易断",,,,,,,,,,,
FRA004,glass_tableware,玻璃茶壶(带滤芯),玻璃,,,1,0,淘宝,,,,,,,,,,,,
FRA005,glass_bottle,玻璃汽水瓶(空),玻璃,,,1,0,超市(喝完留瓶),买饮料送采集物,,,,,,,,,,,
FRA006,glass_bottle,"玻璃蜂蜜罐(空,带盖)",玻璃,,,1,0,超市,蜂蜜吃完即得,,,,,,,,,,,
FRA007,glass_decor,玻璃花瓶(小号),玻璃,,,1,0,淘宝,,,,,,,,,,,,
FRA008,glass_decor,玻璃相框(小),玻璃/木,,,1,0,家里/淘宝,,,,,,,,,,,,
FRA009,glass_decor,玻璃圣诞彩球,玻璃(薄壳),,,1,0,淘宝(节前),"极薄壳,节令品提前买",,,,,,,,,,,
FRA010,ceramic_cup,陶瓷马克杯,陶瓷,,,1,0,家里/超市,,,,,,,,,,,,
FRA011,ceramic_cup,陶瓷茶杯(薄壁),陶瓷,,,1,0,家里,,,,,,,,,,,,
FRA012,ceramic_bowl,陶瓷饭碗,陶瓷,,,1,0,家里,,,,,,,,,,,,
FRA013,ceramic_bowl,瓷盘(小菜盘),陶瓷,,,1,0,家里,,,,,,,,,,,,
FRA014,ceramic_decor,陶瓷小摆件(动物),陶瓷,,,1,0,淘宝,,,,,,,,,,,,
FRA015,ceramic_decor,陶瓷存钱罐,陶瓷,,,1,0,淘宝,,,,,,,,,,,,
FRA016,thin_wall_paper,纸杯(单个),纸,,,1,0,超市(整袋),对齐ExpForce易碎:0.5N即压瘪,,,,,,,,,,,
FRA017,thin_wall_metal,空易拉罐(铝),金属薄壁,,,1,0,超市(喝完留罐),易瘪不可恢复,,,,,,,,,,,
FRA018,thin_wall_plastic,乒乓球,塑料薄壳,,,1,0,文具/超市,瘪后不可恢复,,,,,,,,,,,
FRA019,brittle_snack,袋装整片薯片(未开封),食品,,,1,0,超市,选整片不碎的品相,,,,,,,,,,,
FRA020,brittle_snack,薄脆饼干(盒装),食品,,,1,0,超市,,,,,,,,,,,,
FRA021,brittle_snack,蛋卷(罐装),食品,,,1,0,超市,,,,,,,,,,,,
FRA022,brittle_snack,干脆面(整块未捏碎),食品,,,1,0,超市,,,,,,,,,,,,
FRA023,brittle_snack,蛋挞(带托),食品,,,1,0,烘焙店,当天买当天拍,,,,,,,,,,,
FRA024,egg,生鸡蛋,蛋壳,,,1,0,超市,全项目标志物;力测量时垫托防污,,,,,,,,,,,
FRA025,egg,皮蛋,蛋壳,,,1,0,超市,,,,,,,,,,,,
FRA026,natural_brittle,薄壳核桃(带壳),天然壳,,,1,0,超市,,,,,,,,,,,,
FRA027,natural_brittle,挂面(整束竖放),面制品,,,1,0,超市,,,,,,,,,,,,
FRA028,brittle_stationery,粉笔(整盒),石膏,,,1,0,文具,,,,,,,,,,,,
FRA029,brittle_stationery,蜡烛(柱状),蜡,,,1,0,超市/淘宝,,,,,,,,,,,,
FRA030,brittle_stationery,石膏小摆件,石膏,,,1,0,淘宝,,,,,,,,,,,,
FRA031,glass_cup,玻璃咖啡杯(双层),玻璃,,,1,0,超市,,,,,,,,,,,,
FRA032,glass_bottle,"玻璃酱菜瓶(空,带盖)",玻璃,,,1,0,超市,,,,,,,,,,,,
FRA033,glass_decor,玻璃烛台,玻璃,,,1,0,淘宝,,,,,,,,,,,,
FRA034,ceramic_cup,陶瓷咖啡杯带碟,陶瓷,,,1,0,家里,,,,,,,,,,,,
FRA035,ceramic_bowl,陶瓷汤碗(大),陶瓷,,,1,0,家里,,,,,,,,,,,,
FRA036,ceramic_bowl,瓷碟(酱油碟),陶瓷,,,1,0,家里,,,,,,,,,,,,
FRA037,ceramic_tableware,陶瓷勺(大汤勺),陶瓷,,,1,0,家里,,,,,,,,,,,,
FRA038,ceramic_decor,瓷娃娃摆件,陶瓷,,,1,0,淘宝,,,,,,,,,,,,
FRA039,thin_wall_plastic,薄壁塑料杯(一次性),塑料薄壁,,,1,0,超市,,,,,,,,,,,,
FRA040,thin_wall_plastic,"透明蛋盒(空,装6蛋)",塑料薄壁,,,1,0,超市(留盒),买蛋送盒,,,,,,,,,,,
FRA041,brittle_snack,曲奇饼干(盒装),食品,,,1,0,超市,,,,,,,,,,,,
FRA042,brittle_snack,威化饼(条装),食品,,,1,0,超市,,,,,,,,,,,,
FRA043,brittle_snack,锅巴(袋装),食品,,,1,0,超市,,,,,,,,,,,,
FRA044,brittle_snack,沙琪玛,食品,,,1,0,超市,,,,,,,,,,,,
FRA045,brittle_snack,传统五仁月饼,食品,,,1,0,超市(中秋前),节令品提前买,,,,,,,,,,,
FRA046,brittle_snack,麻花,食品,,,1,0,超市,,,,,,,,,,,,
FRA047,brittle_snack,桃酥,食品,,,1,0,超市,,,,,,,,,,,,
FRA048,brittle_snack,Pocky饼干棒(盒装),食品,,,1,0,超市,,,,,,,,,,,,
FRA049,brittle_snack,米花糖/米通,食品,,,1,0,超市,,,,,,,,,,,,
FRA050,brittle_snack,硬糖(大块薄荷糖),食品,,,1,0,超市,,,,,,,,,,,,
FRA051,egg,咸鸭蛋(生),蛋壳,,,1,0,超市,,,,,,,,,,,,
FRA052,natural_brittle,干辣椒(整条扎把),干制蔬菜,,,1,0,超市/菜市场,,,,,,,,,,,,
FRA053,natural_brittle,干香菇(整朵),干菌,,,1,0,超市,,,,,,,,,,,,
FRA054,natural_brittle,粉丝(整捆),淀粉丝,,,1,0,超市,,,,,,,,,,,,
FRA055,natural_brittle,干花(一支),干燥植物,,,1,0,淘宝/花店,,,,,,,,,,,,
FRA056,egg,空蛋壳(掏空完整),蛋壳,,,1,0,自制,生蛋敲小孔吹出内容物,,,,,,,,,,,
FRA057,brittle_stationery,蜡笔/油画棒(盒),蜡,,,1,0,文具,,,,,,,,,,,,
FRA058,ceramic_tableware,陶瓷筷子架,陶瓷,,,1,0,淘宝,,,,,,,,,,,,
FRA059,brittle_stationery,薄瓷片/瓷砖样品,陶瓷,,,1,0,淘宝/建材,,,,,,,,,,,,
FRA060,glass_decor,玻璃弹珠(整罐),玻璃,,,1,0,淘宝/文具,,,,,,,,,,,,
SOF001,fruit,香蕉,水果,,,0,1,超市,对齐ExpForce柔性,,,,,,,,,,,
SOF002,fruit,橙子,水果,,,0,1,超市,,,,,,,,,,,,
SOF003,fruit,番茄,水果,,,0,1,超市,,,,,,,,,,,,
SOF004,fruit,草莓,水果,,,0,1,超市,选硬挺品相,,,,,,,,,,,
SOF005,fruit,葡萄(整串),水果,,,0,1,超市,,,,,,,,,,,,
SOF006,fruit,猕猴桃,水果,,,0,1,超市,,,,,,,,,,,,
SOF007,fruit,牛油果,水果,,,0,1,超市,,,,,,,,,,,,
SOF008,fruit,柠檬,水果,,,0,1,超市,,,,,,,,,,,,
SOF009,fruit,圣女果,水果,,,0,1,超市,,,,,,,,,,,,
SOF010,fruit,桃子,水果,,,0,1,超市,,,,,,,,,,,,
SOF011,vegetable,生玉米,蔬菜,,,0,1,超市/菜市场,,,,,,,,,,,,
SOF012,vegetable,西兰花,蔬菜,,,0,1,超市,,,,,,,,,,,,
SOF013,vegetable,青椒,蔬菜,,,0,1,超市,,,,,,,,,,,,
SOF014,vegetable,生蘑菇(整朵),菌菇,,,0,1,超市,,,,,,,,,,,,
SOF015,bakery,吐司面包(整条),烘焙面点,,,0,1,超市,,,,,,,,,,,,
SOF016,bakery,贝果,烘焙面点,,,0,1,烘焙店,,,,,,,,,,,,
SOF017,bakery,纸杯蛋糕,烘焙面点,,,0,1,烘焙店,,,,,,,,,,,,
SOF018,bakery,馒头,主食,,,0,1,超市/主食店,,,,,,,,,,,,
SOF019,bakery,麻薯,烘焙面点,,,0,1,超市,,,,,,,,,,,,
SOF020,fabric,毛巾(叠好),织物,,,0,1,家里,,,,,,,,,,,,
SOF021,fabric,袜子(卷好),织物,,,0,1,家里,,,,,,,,,,,,
SOF022,fabric,T恤(叠好),织物,,,0,1,家里,,,,,,,,,,,,
SOF023,plush,毛绒玩具(小),毛绒,,,0,1,家里,,,,,,,,,,,,
SOF024,soft_daily,海绵(洗碗),聚氨酯泡沫,,,0,1,超市,,,,,,,,,,,,
SOF025,soft_daily,记忆海绵块,记忆棉,,,0,1,淘宝,,,,,,,,,,,,
SOF026,soft_daily,应力球,TPR,,,0,1,淘宝,,,,,,,,,,,,
SOF027,soft_daily,充气气球(充好),橡胶膜,,,0,1,淘宝,,,,,,,,,,,,
SOF028,soft_daily,超轻黏土(整块),黏土,,,0,1,文具,,,,,,,,,,,,
SOF029,soft_daily,空矿泉水瓶(拧盖),塑料薄壁,,,0,1,家里(喝完留瓶),易瘪可部分回弹,,,,,,,,,,,
SOF030,soft_food,棉花糖,糖/明胶,,,0,1,超市,,,,,,,,,,,,
SOF031,fruit,梨,水果,,,0,1,超市,,,,,,,,,,,,
SOF032,fruit,柿子,水果,,,0,1,超市(秋季),节令品,,,,,,,,,,,
SOF033,vegetable,茄子,蔬菜,,,0,1,超市,,,,,,,,,,,,
SOF034,vegetable,黄瓜,蔬菜,,,0,1,超市,,,,,,,,,,,,
SOF035,vegetable,生姜,蔬菜,,,0,1,超市,,,,,,,,,,,,
SOF036,vegetable,生菜(整颗),蔬菜,,,0,1,超市,,,,,,,,,,,,
SOF037,bakery,面包片,烘焙面点,,,0,1,超市,,,,,,,,,,,,
SOF038,bakery,甜甜圈,烘焙面点,,,0,1,烘焙店,,,,,,,,,,,,
SOF039,bakery,包子,主食,,,0,1,主食店,,,,,,,,,,,,
SOF040,bakery,汉堡胚,烘焙面点,,,0,1,烘焙店,,,,,,,,,,,,
SOF041,bakery,司康,烘焙面点,,,0,1,烘焙店,,,,,,,,,,,,
SOF042,fabric,毛线帽,织物,,,0,1,家里,,,,,,,,,,,,
SOF043,fabric,围巾(卷好),织物,,,0,1,家里,,,,,,,,,,,,
SOF044,fabric,手套(棉),织物,,,0,1,家里,,,,,,,,,,,,
SOF045,plush,绒球钥匙扣,毛绒,,,0,1,家里/淘宝,,,,,,,,,,,,
SOF046,fabric,布笔袋(空),织物,,,0,1,家里/文具,,,,,,,,,,,,
SOF047,fabric,抹布(叠好),织物,,,0,1,家里,,,,,,,,,,,,
SOF048,soft_daily,洗碗布,无纺布,,,0,1,超市,,,,,,,,,,,,
SOF049,soft_daily,橡胶球,橡胶,,,0,1,淘宝,,,,,,,,,,,,
SOF050,soft_daily,EVA泡沫块,EVA泡棉,,,0,1,淘宝,,,,,,,,,,,,
SOF051,soft_daily,硅胶铲,硅胶,,,0,1,家里/超市,,,,,,,,,,,,
SOF052,soft_food,果冻杯,明胶,,,0,1,超市,,,,,,,,,,,,
SOF053,soft_food,软糖(袋装),明胶,,,0,1,超市,,,,,,,,,,,,
SOF054,soft_food,奶酪块,奶酪,,,0,1,超市,,,,,,,,,,,,
SOF055,soft_food,火腿肠,肉制品,,,0,1,超市,,,,,,,,,,,,
SOF056,soft_food,鱼丸(生),鱼糜,,,0,1,超市,,,,,,,,,,,,
SOF057,soft_food,老豆腐,豆制品,,,0,1,超市,,,,,,,,,,,,
SOF058,soft_food,嫩豆腐,豆制品,,,0,1,超市,"边界:极软受力即碎,归柔性备注",,,,,,,,,,,
SOF059,soft_food,年糕块,米制品,,,0,1,超市,,,,,,,,,,,,
SOF060,soft_food,软面包棒,烘焙面点,,,0,1,烘焙店,,,,,,,,,,,,
RIG001,bottle_can,易拉罐(满),金属,,,0,0,超市,拍完可喝,,,,,,,,,,,
RIG002,bottle_can,瓶装水(满),塑料,,,0,0,超市/家里,,,,,,,,,,,,
RIG003,bottle_can,不锈钢保温杯,不锈钢,,,0,0,家里,,,,,,,,,,,,
RIG004,bottle_can,洗发水瓶(满),硬塑料,,,0,0,家里,,,,,,,,,,,,
RIG005,bottle_can,午餐肉罐头,金属,,,0,0,超市,拍完可吃,,,,,,,,,,,
RIG006,bottle_can,咖啡罐(铁),金属,,,0,0,超市,,,,,,,,,,,,
RIG007,bottle_can,茶叶铁罐,金属,,,0,0,家里/超市,,,,,,,,,,,,
RIG008,bottle_can,薯片罐(未开封),硬纸,,,0,0,超市,对齐ExpForce刚体(E002),,,,,,,,,,,
RIG009,tetra,"牛奶盒(1L,满)",复合纸,,,0,0,超市,,,,,,,,,,,,
RIG010,tool,扳手,金属,,,0,0,家里/淘宝,,,,,,,,,,,,
RIG011,tool,螺丝刀,金属,,,0,0,家里,,,,,,,,,,,,
RIG012,tool,剪刀(合拢),金属,,,0,0,家里,,,,,,,,,,,,
RIG013,tool,胶带卷,塑料/胶,,,0,0,家里/文具,,,,,,,,,,,,
RIG014,tool,订书机,塑料/金属,,,0,0,家里/文具,,,,,,,,,,,,
RIG015,electronics,手机,电子,,,0,0,家里,,,,,,,,,,,,
RIG016,electronics,充电宝,电子,,,0,0,家里,,,,,,,,,,,,
RIG017,electronics,遥控器,电子,,,0,0,家里,,,,,,,,,,,,
RIG018,electronics,鼠标,电子,,,0,0,家里,,,,,,,,,,,,
RIG019,stationery,平装书,纸,,,0,0,家里,,,,,,,,,,,,
RIG020,stationery,硬面笔记本,纸,,,0,0,家里,,,,,,,,,,,,
RIG021,stationery,魔方,塑料,,,0,0,家里/文具,,,,,,,,,,,,
RIG022,food_packaged,泡面桶(未开封),纸/塑料,,,0,0,超市,,,,,,,,,,,,
RIG023,bottle_can,可乐瓶(满),塑料,,,0,0,超市,,,,,,,,,,,,
RIG024,bottle_can,硬塑料运动壶,硬塑料,,,0,0,家里,,,,,,,,,,,,
RIG025,bottle_can,喷雾瓶,硬塑料,,,0,0,家里,,,,,,,,,,,,
RIG026,bottle_can,饼干铁盒(空),金属,,,0,0,超市(吃完留盒),,,,,,,,,,,,
RIG027,tetra,利乐果汁盒(1L),复合纸,,,0,0,超市,,,,,,,,,,,,
RIG028,tetra,豆浆盒(1L),复合纸,,,0,0,超市,,,,,,,,,,,,
RIG029,tool,锤子,金属,,,0,0,家里/淘宝,,,,,,,,,,,,
RIG030,tool,卷尺,金属/塑料,,,0,0,家里/文具,,,,,,,,,,,,
RIG031,tool,钳子,金属,,,0,0,家里,,,,,,,,,,,,
RIG032,tool,美工刀,塑料/金属,,,0,0,文具,,,,,,,,,,,,
RIG033,electronics,计算器,电子,,,0,0,家里,,,,,,,,,,,,
RIG034,electronics,闹钟,电子,,,0,0,家里,,,,,,,,,,,,
RIG035,electronics,手电筒,金属,,,0,0,家里,,,,,,,,,,,,
RIG036,electronics,车钥匙,电子,,,0,0,家里,,,,,,,,,,,,
RIG037,electronics,移动硬盘,电子,,,0,0,家里,,,,,,,,,,,,
RIG038,stationery,直尺,塑料,,,0,0,家里/文具,,,,,,,,,,,,
RIG039,stationery,胶棒,塑料,,,0,0,文具,,,,,,,,,,,,
RIG040,stationery,水彩笔(整盒),塑料,,,0,0,文具,,,,,,,,,,,,
RIG041,stationery,橡皮/镇纸,橡胶,,,0,0,文具,,,,,,,,,,,,
RIG042,stationery,卷笔刀,塑料/金属,,,0,0,文具,,,,,,,,,,,,
RIG043,daily_rigid,眼镜盒,皮革/塑料,,,0,0,家里,,,,,,,,,,,,
RIG044,daily_rigid,剃须刀,塑料/金属,,,0,0,家里,,,,,,,,,,,,
RIG045,daily_rigid,润唇膏,塑料,,,0,0,家里/超市,,,,,,,,,,,,
RIG046,daily_rigid,5号电池(两节),金属,,,0,0,超市,,,,,,,,,,,,
RIG047,daily_rigid,硬壳钱包(空),皮革,,,0,0,家里,,,,,,,,,,,,
RIG048,daily_rigid,皮带(卷好),皮革,,,0,0,家里,,,,,,,,,,,,
RIG049,daily_rigid,折叠伞(卷好),织物/金属,,,0,0,家里,,,,,,,,,,,,
RIG050,daily_rigid,"塑料收纳盒(小,硬)",硬塑料,,,0,0,家里,,,,,,,,,,,,
RIG051,daily_rigid,小哑铃(1kg),金属,,,0,0,淘宝,,,,,,,,,,,,
RIG052,daily_rigid,"保鲜盒(硬塑料,空)",硬塑料,,,0,0,家里/超市,,,,,,,,,,,,
RIG053,daily_rigid,不锈钢饭盒(空),不锈钢,,,0,0,家里,,,,,,,,,,,,
RIG054,food_packaged,硬塑料调料瓶,硬塑料,,,0,0,超市,,,,,,,,,,,,
RIG055,food_packaged,方糖盒,纸,,,0,0,超市,,,,,,,,,,,,
RIG056,food_packaged,巧克力铁盒,金属,,,0,0,超市,,,,,,,,,,,,
RIG057,food_packaged,谷物早餐盒,纸/塑料,,,0,0,超市,,,,,,,,,,,,
RIG058,food_packaged,罐装八宝粥,金属,,,0,0,超市,,,,,,,,,,,,
RIG059,food_packaged,挂耳咖啡盒,纸,,,0,0,超市,,,,,,,,,,,,
RIG060,food_packaged,奶粉罐(小),金属,,,0,0,超市,,,,,,,,,,,,
