object_id,object_name,category,mass_g,f_min_value,f_min_unit,f_min_semantics,f_min_single_finger_N,max_safe_force_N,safe_range_N,force_total_or_single,measurement_protocol,trial_count,trial_values,selected_value,gripper_model,sensor_model,calibration_id,unit,image_file,data_source,notes
E001,Black chocolate candy ball,刚体,11.0,0.25,N,total_two_finger_normal,0.125,1.25,1.0,total,"自适应力控(0.25N起步,滑落收紧约2mm直至不滑); 每物体3次试验取中位数, 取整到0.25N; 举升5cm@0.5cm/s验证不滑(来源: 论文Sec III-A)",3,"官方未发布逐次原始值(仅中位数, 见notes)",median,LEGATO linkage-based two-finger gripper + FORTE fin-ray fingers (UT Austin),FORTE tactile fin-ray fingers (force+slip sensing),ExpForce_official_v1,N,Black_chocolate_candy_ball.png,"Exp-Force(UT Austin, arXiv:2603.08668)实测最小力; 最大力=类别系数x实测最小力","力值语义=两指总夹持力(论文原文: sum of the contact normal forces of two parallel gripper fingers); 单指力换算规则: F_single = F_total / 2 (不静默转换, 双列并存); k=5.0"
E002,Pringles can,刚体,202.0,1.5,N,total_two_finger_normal,0.750,7.5,6.0,total,"自适应力控(0.25N起步,滑落收紧约2mm直至不滑); 每物体3次试验取中位数, 取整到0.25N; 举升5cm@0.5cm/s验证不滑(来源: 论文Sec III-A)",3,"官方未发布逐次原始值(仅中位数, 见notes)",median,LEGATO linkage-based two-finger gripper + FORTE fin-ray fingers (UT Austin),FORTE tactile fin-ray fingers (force+slip sensing),ExpForce_official_v1,N,Pringles_can.png,"Exp-Force(UT Austin, arXiv:2603.08668)实测最小力; 最大力=类别系数x实测最小力","力值语义=两指总夹持力(论文原文: sum of the contact normal forces of two parallel gripper fingers); 单指力换算规则: F_single = F_total / 2 (不静默转换, 双列并存); k=5.0"
E003,Spam canned meat,刚体,368.0,2.5,N,total_two_finger_normal,1.250,12.5,10.0,total,"自适应力控(0.25N起步,滑落收紧约2mm直至不滑); 每物体3次试验取中位数, 取整到0.25N; 举升5cm@0.5cm/s验证不滑(来源: 论文Sec III-A)",3,"官方未发布逐次原始值(仅中位数, 见notes)",median,LEGATO linkage-based two-finger gripper + FORTE fin-ray fingers (UT Austin),FORTE tactile fin-ray fingers (force+slip sensing),ExpForce_official_v1,N,Spam_canned_meat.png,"Exp-Force(UT Austin, arXiv:2603.08668)实测最小力; 最大力=类别系数x实测最小力","力值语义=两指总夹持力(论文原文: sum of the contact normal forces of two parallel gripper fingers); 单指力换算规则: F_single = F_total / 2 (不静默转换, 双列并存); k=5.0"
E004,Orange drinking straw,柔性,1.0,0.25,N,total_two_finger_normal,0.125,0.75,0.5,total,"自适应力控(0.25N起步,滑落收紧约2mm直至不滑); 每物体3次试验取中位数, 取整到0.25N; 举升5cm@0.5cm/s验证不滑(来源: 论文Sec III-A)",3,"官方未发布逐次原始值(仅中位数, 见notes)",median,LEGATO linkage-based two-finger gripper + FORTE fin-ray fingers (UT Austin),FORTE tactile fin-ray fingers (force+slip sensing),ExpForce_official_v1,N,Orange_drinking_straw.png,"Exp-Force(UT Austin, arXiv:2603.08668)实测最小力; 最大力=类别系数x实测最小力","力值语义=两指总夹持力(论文原文: sum of the contact normal forces of two parallel gripper fingers); 单指力换算规则: F_single = F_total / 2 (不静默转换, 双列并存); k=3.0"
E005,Small paper cup,柔性,2.0,0.25,N,total_two_finger_normal,0.125,0.75,0.5,total,"自适应力控(0.25N起步,滑落收紧约2mm直至不滑); 每物体3次试验取中位数, 取整到0.25N; 举升5cm@0.5cm/s验证不滑(来源: 论文Sec III-A)",3,"官方未发布逐次原始值(仅中位数, 见notes)",median,LEGATO linkage-based two-finger gripper + FORTE fin-ray fingers (UT Austin),FORTE tactile fin-ray fingers (force+slip sensing),ExpForce_official_v1,N,Small_paper_cup.png,"Exp-Force(UT Austin, arXiv:2603.08668)实测最小力; 最大力=类别系数x实测最小力","力值语义=两指总夹持力(论文原文: sum of the contact normal forces of two parallel gripper fingers); 单指力换算规则: F_single = F_total / 2 (不静默转换, 双列并存); k=3.0"
E006,Medium paper cup,柔性,11.0,0.25,N,total_two_finger_normal,0.125,0.75,0.5,total,"自适应力控(0.25N起步,滑落收紧约2mm直至不滑); 每物体3次试验取中位数, 取整到0.25N; 举升5cm@0.5cm/s验证不滑(来源: 论文Sec III-A)",3,"官方未发布逐次原始值(仅中位数, 见notes)",median,LEGATO linkage-based two-finger gripper + FORTE fin-ray fingers (UT Austin),FORTE tactile fin-ray fingers (force+slip sensing),ExpForce_official_v1,N,Medium_paper_cup.png,"Exp-Force(UT Austin, arXiv:2603.08668)实测最小力; 最大力=类别系数x实测最小力","力值语义=两指总夹持力(论文原文: sum of the contact normal forces of two parallel gripper fingers); 单指力换算规则: F_single = F_total / 2 (不静默转换, 双列并存); k=3.0"
E007,Medium plastic cup,柔性,10.0,0.25,N,total_two_finger_normal,0.125,0.75,0.5,total,"自适应力控(0.25N起步,滑落收紧约2mm直至不滑); 每物体3次试验取中位数, 取整到0.25N; 举升5cm@0.5cm/s验证不滑(来源: 论文Sec III-A)",3,"官方未发布逐次原始值(仅中位数, 见notes)",median,LEGATO linkage-based two-finger gripper + FORTE fin-ray fingers (UT Austin),FORTE tactile fin-ray fingers (force+slip sensing),ExpForce_official_v1,N,Medium_plastic_cup.png,"Exp-Force(UT Austin, arXiv:2603.08668)实测最小力; 最大力=类别系数x实测最小力","力值语义=两指总夹持力(论文原文: sum of the contact normal forces of two parallel gripper fingers); 单指力换算规则: F_single = F_total / 2 (不静默转换, 双列并存); k=3.0"
E008,Blueberry jam jar (Empty),易碎,145.0,0.75,N,total_two_finger_normal,0.375,1.5,0.75,total,"自适应力控(0.25N起步,滑落收紧约2mm直至不滑); 每物体3次试验取中位数, 取整到0.25N; 举升5cm@0.5cm/s验证不滑(来源: 论文Sec III-A)",3,"官方未发布逐次原始值(仅中位数, 见notes)",median,LEGATO linkage-based two-finger gripper + FORTE fin-ray fingers (UT Austin),FORTE tactile fin-ray fingers (force+slip sensing),ExpForce_official_v1,N,Blueberry_jam_jar_Empty.png,"Exp-Force(UT Austin, arXiv:2603.08668)实测最小力; 最大力=类别系数x实测最小力","力值语义=两指总夹持力(论文原文: sum of the contact normal forces of two parallel gripper fingers); 单指力换算规则: F_single = F_total / 2 (不静默转换, 双列并存); k=2.0"
E009,Small lime,柔性,42.0,0.5,N,total_two_finger_normal,0.250,1.5,1.0,total,"自适应力控(0.25N起步,滑落收紧约2mm直至不滑); 每物体3次试验取中位数, 取整到0.25N; 举升5cm@0.5cm/s验证不滑(来源: 论文Sec III-A)",3,"官方未发布逐次原始值(仅中位数, 见notes)",median,LEGATO linkage-based two-finger gripper + FORTE fin-ray fingers (UT Austin),FORTE tactile fin-ray fingers (force+slip sensing),ExpForce_official_v1,N,Small_lime.png,"Exp-Force(UT Austin, arXiv:2603.08668)实测最小力; 最大力=类别系数x实测最小力","力值语义=两指总夹持力(论文原文: sum of the contact normal forces of two parallel gripper fingers); 单指力换算规则: F_single = F_total / 2 (不静默转换, 双列并存); k=3.0"
E010,Supplement bottle: Fish oil,刚体,193.0,2.0,N,total_two_finger_normal,1.000,10.0,8.0,total,"自适应力控(0.25N起步,滑落收紧约2mm直至不滑); 每物体3次试验取中位数, 取整到0.25N; 举升5cm@0.5cm/s验证不滑(来源: 论文Sec III-A)",3,"官方未发布逐次原始值(仅中位数, 见notes)",median,LEGATO linkage-based two-finger gripper + FORTE fin-ray fingers (UT Austin),FORTE tactile fin-ray fingers (force+slip sensing),ExpForce_official_v1,N,Supplement_bottle_Fish_oil.png,"Exp-Force(UT Austin, arXiv:2603.08668)实测最小力; 最大力=类别系数x实测最小力","力值语义=两指总夹持力(论文原文: sum of the contact normal forces of two parallel gripper fingers); 单指力换算规则: F_single = F_total / 2 (不静默转换, 双列并存); k=5.0"
E011,Supplement bottle: CoQ10,刚体,105.0,1.5,N,total_two_finger_normal,0.750,7.5,6.0,total,"自适应力控(0.25N起步,滑落收紧约2mm直至不滑); 每物体3次试验取中位数, 取整到0.25N; 举升5cm@0.5cm/s验证不滑(来源: 论文Sec III-A)",3,"官方未发布逐次原始值(仅中位数, 见notes)",median,LEGATO linkage-based two-finger gripper + FORTE fin-ray fingers (UT Austin),FORTE tactile fin-ray fingers (force+slip sensing),ExpForce_official_v1,N,Supplement_bottle_CoQ10.png,"Exp-Force(UT Austin, arXiv:2603.08668)实测最小力; 最大力=类别系数x实测最小力","力值语义=两指总夹持力(论文原文: sum of the contact normal forces of two parallel gripper fingers); 单指力换算规则: F_single = F_total / 2 (不静默转换, 双列并存); k=5.0"
E012,Seaweed snack package,柔性,27.0,0.5,N,total_two_finger_normal,0.250,1.5,1.0,total,"自适应力控(0.25N起步,滑落收紧约2mm直至不滑); 每物体3次试验取中位数, 取整到0.25N; 举升5cm@0.5cm/s验证不滑(来源: 论文Sec III-A)",3,"官方未发布逐次原始值(仅中位数, 见notes)",median,LEGATO linkage-based two-finger gripper + FORTE fin-ray fingers (UT Austin),FORTE tactile fin-ray fingers (force+slip sensing),ExpForce_official_v1,N,Seaweed_snack_package.png,"Exp-Force(UT Austin, arXiv:2603.08668)实测最小力; 最大力=类别系数x实测最小力","力值语义=两指总夹持力(论文原文: sum of the contact normal forces of two parallel gripper fingers); 单指力换算规则: F_single = F_total / 2 (不静默转换, 双列并存); k=3.0"
E013,Marshmallow 1 (regular),柔性,6.0,0.25,N,total_two_finger_normal,0.125,0.75,0.5,total,"自适应力控(0.25N起步,滑落收紧约2mm直至不滑); 每物体3次试验取中位数, 取整到0.25N; 举升5cm@0.5cm/s验证不滑(来源: 论文Sec III-A)",3,"官方未发布逐次原始值(仅中位数, 见notes)",median,LEGATO linkage-based two-finger gripper + FORTE fin-ray fingers (UT Austin),FORTE tactile fin-ray fingers (force+slip sensing),ExpForce_official_v1,N,Marshmallow_1_regular.png,"Exp-Force(UT Austin, arXiv:2603.08668)实测最小力; 最大力=类别系数x实测最小力","力值语义=两指总夹持力(论文原文: sum of the contact normal forces of two parallel gripper fingers); 单指力换算规则: F_single = F_total / 2 (不静默转换, 双列并存); k=3.0"
E014,Power adapter,刚体,309.0,5.0,N,total_two_finger_normal,2.500,25.0,20.0,total,"自适应力控(0.25N起步,滑落收紧约2mm直至不滑); 每物体3次试验取中位数, 取整到0.25N; 举升5cm@0.5cm/s验证不滑(来源: 论文Sec III-A)",3,"官方未发布逐次原始值(仅中位数, 见notes)",median,LEGATO linkage-based two-finger gripper + FORTE fin-ray fingers (UT Austin),FORTE tactile fin-ray fingers (force+slip sensing),ExpForce_official_v1,N,Power_adapter.png,"Exp-Force(UT Austin, arXiv:2603.08668)实测最小力; 最大力=类别系数x实测最小力","力值语义=两指总夹持力(论文原文: sum of the contact normal forces of two parallel gripper fingers); 单指力换算规则: F_single = F_total / 2 (不静默转换, 双列并存); k=5.0"
E015,Tabletop mobile phone stand,刚体,154.0,2.0,N,total_two_finger_normal,1.000,10.0,8.0,total,"自适应力控(0.25N起步,滑落收紧约2mm直至不滑); 每物体3次试验取中位数, 取整到0.25N; 举升5cm@0.5cm/s验证不滑(来源: 论文Sec III-A)",3,"官方未发布逐次原始值(仅中位数, 见notes)",median,LEGATO linkage-based two-finger gripper + FORTE fin-ray fingers (UT Austin),FORTE tactile fin-ray fingers (force+slip sensing),ExpForce_official_v1,N,Tabletop_mobile_phone_stand.png,"Exp-Force(UT Austin, arXiv:2603.08668)实测最小力; 最大力=类别系数x实测最小力","力值语义=两指总夹持力(论文原文: sum of the contact normal forces of two parallel gripper fingers); 单指力换算规则: F_single = F_total / 2 (不静默转换, 双列并存); k=5.0"
E016,Monster Energy drink (zero),刚体,489.0,1.75,N,total_two_finger_normal,0.875,8.75,7.0,total,"自适应力控(0.25N起步,滑落收紧约2mm直至不滑); 每物体3次试验取中位数, 取整到0.25N; 举升5cm@0.5cm/s验证不滑(来源: 论文Sec III-A)",3,"官方未发布逐次原始值(仅中位数, 见notes)",median,LEGATO linkage-based two-finger gripper + FORTE fin-ray fingers (UT Austin),FORTE tactile fin-ray fingers (force+slip sensing),ExpForce_official_v1,N,Monster_Energy_drink_zero.png,"Exp-Force(UT Austin, arXiv:2603.08668)实测最小力; 最大力=类别系数x实测最小力","力值语义=两指总夹持力(论文原文: sum of the contact normal forces of two parallel gripper fingers); 单指力换算规则: F_single = F_total / 2 (不静默转换, 双列并存); k=5.0"
E017,Red Bull can (355 ml),刚体,385.0,2.5,N,total_two_finger_normal,1.250,12.5,10.0,total,"自适应力控(0.25N起步,滑落收紧约2mm直至不滑); 每物体3次试验取中位数, 取整到0.25N; 举升5cm@0.5cm/s验证不滑(来源: 论文Sec III-A)",3,"官方未发布逐次原始值(仅中位数, 见notes)",median,LEGATO linkage-based two-finger gripper + FORTE fin-ray fingers (UT Austin),FORTE tactile fin-ray fingers (force+slip sensing),ExpForce_official_v1,N,Red_Bull_can_355_ml.png,"Exp-Force(UT Austin, arXiv:2603.08668)实测最小力; 最大力=类别系数x实测最小力","力值语义=两指总夹持力(论文原文: sum of the contact normal forces of two parallel gripper fingers); 单指力换算规则: F_single = F_total / 2 (不静默转换, 双列并存); k=5.0"
E018,Multivitamin bottle (One A Day),刚体,216.0,2.0,N,total_two_finger_normal,1.000,10.0,8.0,total,"自适应力控(0.25N起步,滑落收紧约2mm直至不滑); 每物体3次试验取中位数, 取整到0.25N; 举升5cm@0.5cm/s验证不滑(来源: 论文Sec III-A)",3,"官方未发布逐次原始值(仅中位数, 见notes)",median,LEGATO linkage-based two-finger gripper + FORTE fin-ray fingers (UT Austin),FORTE tactile fin-ray fingers (force+slip sensing),ExpForce_official_v1,N,Multivitamin_bottle_One_A_Day.png,"Exp-Force(UT Austin, arXiv:2603.08668)实测最小力; 最大力=类别系数x实测最小力","力值语义=两指总夹持力(论文原文: sum of the contact normal forces of two parallel gripper fingers); 单指力换算规则: F_single = F_total / 2 (不静默转换, 双列并存); k=5.0"
E019,Green power bank,刚体,201.0,2.0,N,total_two_finger_normal,1.000,10.0,8.0,total,"自适应力控(0.25N起步,滑落收紧约2mm直至不滑); 每物体3次试验取中位数, 取整到0.25N; 举升5cm@0.5cm/s验证不滑(来源: 论文Sec III-A)",3,"官方未发布逐次原始值(仅中位数, 见notes)",median,LEGATO linkage-based two-finger gripper + FORTE fin-ray fingers (UT Austin),FORTE tactile fin-ray fingers (force+slip sensing),ExpForce_official_v1,N,Green_power_bank.png,"Exp-Force(UT Austin, arXiv:2603.08668)实测最小力; 最大力=类别系数x实测最小力","力值语义=两指总夹持力(论文原文: sum of the contact normal forces of two parallel gripper fingers); 单指力换算规则: F_single = F_total / 2 (不静默转换, 双列并存); k=5.0"
E020,Roma tomato 1,柔性,89.0,2.0,N,total_two_finger_normal,1.000,6.0,4.0,total,"自适应力控(0.25N起步,滑落收紧约2mm直至不滑); 每物体3次试验取中位数, 取整到0.25N; 举升5cm@0.5cm/s验证不滑(来源: 论文Sec III-A)",3,"官方未发布逐次原始值(仅中位数, 见notes)",median,LEGATO linkage-based two-finger gripper + FORTE fin-ray fingers (UT Austin),FORTE tactile fin-ray fingers (force+slip sensing),ExpForce_official_v1,N,Roma_tomato_1.png,"Exp-Force(UT Austin, arXiv:2603.08668)实测最小力; 最大力=类别系数x实测最小力","力值语义=两指总夹持力(论文原文: sum of the contact normal forces of two parallel gripper fingers); 单指力换算规则: F_single = F_total / 2 (不静默转换, 双列并存); k=3.0"
E021,Roma tomato 2,柔性,79.0,2.0,N,total_two_finger_normal,1.000,6.0,4.0,total,"自适应力控(0.25N起步,滑落收紧约2mm直至不滑); 每物体3次试验取中位数, 取整到0.25N; 举升5cm@0.5cm/s验证不滑(来源: 论文Sec III-A)",3,"官方未发布逐次原始值(仅中位数, 见notes)",median,LEGATO linkage-based two-finger gripper + FORTE fin-ray fingers (UT Austin),FORTE tactile fin-ray fingers (force+slip sensing),ExpForce_official_v1,N,Roma_tomato_2.png,"Exp-Force(UT Austin, arXiv:2603.08668)实测最小力; 最大力=类别系数x实测最小力","力值语义=两指总夹持力(论文原文: sum of the contact normal forces of two parallel gripper fingers); 单指力换算规则: F_single = F_total / 2 (不静默转换, 双列并存); k=3.0"
E022,Grapefruit,柔性,396.0,2.0,N,total_two_finger_normal,1.000,6.0,4.0,total,"自适应力控(0.25N起步,滑落收紧约2mm直至不滑); 每物体3次试验取中位数, 取整到0.25N; 举升5cm@0.5cm/s验证不滑(来源: 论文Sec III-A)",3,"官方未发布逐次原始值(仅中位数, 见notes)",median,LEGATO linkage-based two-finger gripper + FORTE fin-ray fingers (UT Austin),FORTE tactile fin-ray fingers (force+slip sensing),ExpForce_official_v1,N,Grapefruit.png,"Exp-Force(UT Austin, arXiv:2603.08668)实测最小力; 最大力=类别系数x实测最小力","力值语义=两指总夹持力(论文原文: sum of the contact normal forces of two parallel gripper fingers); 单指力换算规则: F_single = F_total / 2 (不静默转换, 双列并存); k=3.0"
E023,Lemon,柔性,105.0,0.5,N,total_two_finger_normal,0.250,1.5,1.0,total,"自适应力控(0.25N起步,滑落收紧约2mm直至不滑); 每物体3次试验取中位数, 取整到0.25N; 举升5cm@0.5cm/s验证不滑(来源: 论文Sec III-A)",3,"官方未发布逐次原始值(仅中位数, 见notes)",median,LEGATO linkage-based two-finger gripper + FORTE fin-ray fingers (UT Austin),FORTE tactile fin-ray fingers (force+slip sensing),ExpForce_official_v1,N,Lemon.png,"Exp-Force(UT Austin, arXiv:2603.08668)实测最小力; 最大力=类别系数x实测最小力","力值语义=两指总夹持力(论文原文: sum of the contact normal forces of two parallel gripper fingers); 单指力换算规则: F_single = F_total / 2 (不静默转换, 双列并存); k=3.0"
E024,Apple (organic),柔性,297.0,1.5,N,total_two_finger_normal,0.750,4.5,3.0,total,"自适应力控(0.25N起步,滑落收紧约2mm直至不滑); 每物体3次试验取中位数, 取整到0.25N; 举升5cm@0.5cm/s验证不滑(来源: 论文Sec III-A)",3,"官方未发布逐次原始值(仅中位数, 见notes)",median,LEGATO linkage-based two-finger gripper + FORTE fin-ray fingers (UT Austin),FORTE tactile fin-ray fingers (force+slip sensing),ExpForce_official_v1,N,Apple_organic.png,"Exp-Force(UT Austin, arXiv:2603.08668)实测最小力; 最大力=类别系数x实测最小力","力值语义=两指总夹持力(论文原文: sum of the contact normal forces of two parallel gripper fingers); 单指力换算规则: F_single = F_total / 2 (不静默转换, 双列并存); k=3.0"
E025,Yellow mini bell pepper (large),柔性,45.0,1.0,N,total_two_finger_normal,0.500,3.0,2.0,total,"自适应力控(0.25N起步,滑落收紧约2mm直至不滑); 每物体3次试验取中位数, 取整到0.25N; 举升5cm@0.5cm/s验证不滑(来源: 论文Sec III-A)",3,"官方未发布逐次原始值(仅中位数, 见notes)",median,LEGATO linkage-based two-finger gripper + FORTE fin-ray fingers (UT Austin),FORTE tactile fin-ray fingers (force+slip sensing),ExpForce_official_v1,N,Yellow_mini_bell_pepper_large.png,"Exp-Force(UT Austin, arXiv:2603.08668)实测最小力; 最大力=类别系数x实测最小力","力值语义=两指总夹持力(论文原文: sum of the contact normal forces of two parallel gripper fingers); 单指力换算规则: F_single = F_total / 2 (不静默转换, 双列并存); k=3.0"
E026,Strawberry 1,柔性,41.0,0.5,N,total_two_finger_normal,0.250,1.5,1.0,total,"自适应力控(0.25N起步,滑落收紧约2mm直至不滑); 每物体3次试验取中位数, 取整到0.25N; 举升5cm@0.5cm/s验证不滑(来源: 论文Sec III-A)",3,"官方未发布逐次原始值(仅中位数, 见notes)",median,LEGATO linkage-based two-finger gripper + FORTE fin-ray fingers (UT Austin),FORTE tactile fin-ray fingers (force+slip sensing),ExpForce_official_v1,N,Strawberry_1.png,"Exp-Force(UT Austin, arXiv:2603.08668)实测最小力; 最大力=类别系数x实测最小力","力值语义=两指总夹持力(论文原文: sum of the contact normal forces of two parallel gripper fingers); 单指力换算规则: F_single = F_total / 2 (不静默转换, 双列并存); k=3.0"
E027,Cara Cara orange 1,柔性,162.0,1.5,N,total_two_finger_normal,0.750,4.5,3.0,total,"自适应力控(0.25N起步,滑落收紧约2mm直至不滑); 每物体3次试验取中位数, 取整到0.25N; 举升5cm@0.5cm/s验证不滑(来源: 论文Sec III-A)",3,"官方未发布逐次原始值(仅中位数, 见notes)",median,LEGATO linkage-based two-finger gripper + FORTE fin-ray fingers (UT Austin),FORTE tactile fin-ray fingers (force+slip sensing),ExpForce_official_v1,N,Cara_Cara_orange_1.png,"Exp-Force(UT Austin, arXiv:2603.08668)实测最小力; 最大力=类别系数x实测最小力","力值语义=两指总夹持力(论文原文: sum of the contact normal forces of two parallel gripper fingers); 单指力换算规则: F_single = F_total / 2 (不静默转换, 双列并存); k=3.0"
E028,Cara Cara orange 2,柔性,168.0,1.5,N,total_two_finger_normal,0.750,4.5,3.0,total,"自适应力控(0.25N起步,滑落收紧约2mm直至不滑); 每物体3次试验取中位数, 取整到0.25N; 举升5cm@0.5cm/s验证不滑(来源: 论文Sec III-A)",3,"官方未发布逐次原始值(仅中位数, 见notes)",median,LEGATO linkage-based two-finger gripper + FORTE fin-ray fingers (UT Austin),FORTE tactile fin-ray fingers (force+slip sensing),ExpForce_official_v1,N,Cara_Cara_orange_2.png,"Exp-Force(UT Austin, arXiv:2603.08668)实测最小力; 最大力=类别系数x实测最小力","力值语义=两指总夹持力(论文原文: sum of the contact normal forces of two parallel gripper fingers); 单指力换算规则: F_single = F_total / 2 (不静默转换, 双列并存); k=3.0"
E029,Orange 1,柔性,237.0,1.5,N,total_two_finger_normal,0.750,4.5,3.0,total,"自适应力控(0.25N起步,滑落收紧约2mm直至不滑); 每物体3次试验取中位数, 取整到0.25N; 举升5cm@0.5cm/s验证不滑(来源: 论文Sec III-A)",3,"官方未发布逐次原始值(仅中位数, 见notes)",median,LEGATO linkage-based two-finger gripper + FORTE fin-ray fingers (UT Austin),FORTE tactile fin-ray fingers (force+slip sensing),ExpForce_official_v1,N,Orange_1.png,"Exp-Force(UT Austin, arXiv:2603.08668)实测最小力; 最大力=类别系数x实测最小力","力值语义=两指总夹持力(论文原文: sum of the contact normal forces of two parallel gripper fingers); 单指力换算规则: F_single = F_total / 2 (不静默转换, 双列并存); k=3.0"
E030,Mandarin 2,柔性,96.0,1.0,N,total_two_finger_normal,0.500,3.0,2.0,total,"自适应力控(0.25N起步,滑落收紧约2mm直至不滑); 每物体3次试验取中位数, 取整到0.25N; 举升5cm@0.5cm/s验证不滑(来源: 论文Sec III-A)",3,"官方未发布逐次原始值(仅中位数, 见notes)",median,LEGATO linkage-based two-finger gripper + FORTE fin-ray fingers (UT Austin),FORTE tactile fin-ray fingers (force+slip sensing),ExpForce_official_v1,N,Mandarin_2.png,"Exp-Force(UT Austin, arXiv:2603.08668)实测最小力; 最大力=类别系数x实测最小力","力值语义=两指总夹持力(论文原文: sum of the contact normal forces of two parallel gripper fingers); 单指力换算规则: F_single = F_total / 2 (不静默转换, 双列并存); k=3.0"
E031,Lime 2,柔性,74.0,1.0,N,total_two_finger_normal,0.500,3.0,2.0,total,"自适应力控(0.25N起步,滑落收紧约2mm直至不滑); 每物体3次试验取中位数, 取整到0.25N; 举升5cm@0.5cm/s验证不滑(来源: 论文Sec III-A)",3,"官方未发布逐次原始值(仅中位数, 见notes)",median,LEGATO linkage-based two-finger gripper + FORTE fin-ray fingers (UT Austin),FORTE tactile fin-ray fingers (force+slip sensing),ExpForce_official_v1,N,Lime_2.png,"Exp-Force(UT Austin, arXiv:2603.08668)实测最小力; 最大力=类别系数x实测最小力","力值语义=两指总夹持力(论文原文: sum of the contact normal forces of two parallel gripper fingers); 单指力换算规则: F_single = F_total / 2 (不静默转换, 双列并存); k=3.0"
E032,Red grape 1,柔性,7.0,0.5,N,total_two_finger_normal,0.250,1.5,1.0,total,"自适应力控(0.25N起步,滑落收紧约2mm直至不滑); 每物体3次试验取中位数, 取整到0.25N; 举升5cm@0.5cm/s验证不滑(来源: 论文Sec III-A)",3,"官方未发布逐次原始值(仅中位数, 见notes)",median,LEGATO linkage-based two-finger gripper + FORTE fin-ray fingers (UT Austin),FORTE tactile fin-ray fingers (force+slip sensing),ExpForce_official_v1,N,Red_grape_1.png,"Exp-Force(UT Austin, arXiv:2603.08668)实测最小力; 最大力=类别系数x实测最小力","力值语义=两指总夹持力(论文原文: sum of the contact normal forces of two parallel gripper fingers); 单指力换算规则: F_single = F_total / 2 (不静默转换, 双列并存); k=3.0"
E033,Red grape 2,柔性,9.0,0.5,N,total_two_finger_normal,0.250,1.5,1.0,total,"自适应力控(0.25N起步,滑落收紧约2mm直至不滑); 每物体3次试验取中位数, 取整到0.25N; 举升5cm@0.5cm/s验证不滑(来源: 论文Sec III-A)",3,"官方未发布逐次原始值(仅中位数, 见notes)",median,LEGATO linkage-based two-finger gripper + FORTE fin-ray fingers (UT Austin),FORTE tactile fin-ray fingers (force+slip sensing),ExpForce_official_v1,N,Red_grape_2.png,"Exp-Force(UT Austin, arXiv:2603.08668)实测最小力; 最大力=类别系数x实测最小力","力值语义=两指总夹持力(论文原文: sum of the contact normal forces of two parallel gripper fingers); 单指力换算规则: F_single = F_total / 2 (不静默转换, 双列并存); k=3.0"
E034,Blue drinking straw,柔性,1.0,0.25,N,total_two_finger_normal,0.125,0.75,0.5,total,"自适应力控(0.25N起步,滑落收紧约2mm直至不滑); 每物体3次试验取中位数, 取整到0.25N; 举升5cm@0.5cm/s验证不滑(来源: 论文Sec III-A)",3,"官方未发布逐次原始值(仅中位数, 见notes)",median,LEGATO linkage-based two-finger gripper + FORTE fin-ray fingers (UT Austin),FORTE tactile fin-ray fingers (force+slip sensing),ExpForce_official_v1,N,Blue_drinking_straw.png,"Exp-Force(UT Austin, arXiv:2603.08668)实测最小力; 最大力=类别系数x实测最小力","力值语义=两指总夹持力(论文原文: sum of the contact normal forces of two parallel gripper fingers); 单指力换算规则: F_single = F_total / 2 (不静默转换, 双列并存); k=3.0"
E035,Yellow drinking straw,柔性,1.0,0.25,N,total_two_finger_normal,0.125,0.75,0.5,total,"自适应力控(0.25N起步,滑落收紧约2mm直至不滑); 每物体3次试验取中位数, 取整到0.25N; 举升5cm@0.5cm/s验证不滑(来源: 论文Sec III-A)",3,"官方未发布逐次原始值(仅中位数, 见notes)",median,LEGATO linkage-based two-finger gripper + FORTE fin-ray fingers (UT Austin),FORTE tactile fin-ray fingers (force+slip sensing),ExpForce_official_v1,N,Yellow_drinking_straw.png,"Exp-Force(UT Austin, arXiv:2603.08668)实测最小力; 最大力=类别系数x实测最小力","力值语义=两指总夹持力(论文原文: sum of the contact normal forces of two parallel gripper fingers); 单指力换算规则: F_single = F_total / 2 (不静默转换, 双列并存); k=3.0"
E036,Blackberry 2,柔性,4.0,0.25,N,total_two_finger_normal,0.125,0.75,0.5,total,"自适应力控(0.25N起步,滑落收紧约2mm直至不滑); 每物体3次试验取中位数, 取整到0.25N; 举升5cm@0.5cm/s验证不滑(来源: 论文Sec III-A)",3,"官方未发布逐次原始值(仅中位数, 见notes)",median,LEGATO linkage-based two-finger gripper + FORTE fin-ray fingers (UT Austin),FORTE tactile fin-ray fingers (force+slip sensing),ExpForce_official_v1,N,Blackberry_2.png,"Exp-Force(UT Austin, arXiv:2603.08668)实测最小力; 最大力=类别系数x实测最小力","力值语义=两指总夹持力(论文原文: sum of the contact normal forces of two parallel gripper fingers); 单指力换算规则: F_single = F_total / 2 (不静默转换, 双列并存); k=3.0"
E037,White chocolate candy ball,刚体,10.0,0.25,N,total_two_finger_normal,0.125,1.25,1.0,total,"自适应力控(0.25N起步,滑落收紧约2mm直至不滑); 每物体3次试验取中位数, 取整到0.25N; 举升5cm@0.5cm/s验证不滑(来源: 论文Sec III-A)",3,"官方未发布逐次原始值(仅中位数, 见notes)",median,LEGATO linkage-based two-finger gripper + FORTE fin-ray fingers (UT Austin),FORTE tactile fin-ray fingers (force+slip sensing),ExpForce_official_v1,N,White_chocolate_candy_ball.png,"Exp-Force(UT Austin, arXiv:2603.08668)实测最小力; 最大力=类别系数x实测最小力","力值语义=两指总夹持力(论文原文: sum of the contact normal forces of two parallel gripper fingers); 单指力换算规则: F_single = F_total / 2 (不静默转换, 双列并存); k=5.0"
E038,Pocky snack box (Long-edge orientation),刚体,88.0,1.0,N,total_two_finger_normal,0.500,5.0,4.0,total,"自适应力控(0.25N起步,滑落收紧约2mm直至不滑); 每物体3次试验取中位数, 取整到0.25N; 举升5cm@0.5cm/s验证不滑(来源: 论文Sec III-A)",3,"官方未发布逐次原始值(仅中位数, 见notes)",median,LEGATO linkage-based two-finger gripper + FORTE fin-ray fingers (UT Austin),FORTE tactile fin-ray fingers (force+slip sensing),ExpForce_official_v1,N,Pocky_snack_box_Long-edge_orientation.png,"Exp-Force(UT Austin, arXiv:2603.08668)实测最小力; 最大力=类别系数x实测最小力","力值语义=两指总夹持力(论文原文: sum of the contact normal forces of two parallel gripper fingers); 单指力换算规则: F_single = F_total / 2 (不静默转换, 双列并存); k=5.0"
E039,Oreo Thin cookie pack,柔性,7.0,0.25,N,total_two_finger_normal,0.125,0.75,0.5,total,"自适应力控(0.25N起步,滑落收紧约2mm直至不滑); 每物体3次试验取中位数, 取整到0.25N; 举升5cm@0.5cm/s验证不滑(来源: 论文Sec III-A)",3,"官方未发布逐次原始值(仅中位数, 见notes)",median,LEGATO linkage-based two-finger gripper + FORTE fin-ray fingers (UT Austin),FORTE tactile fin-ray fingers (force+slip sensing),ExpForce_official_v1,N,Oreo_Thin_cookie_pack.png,"Exp-Force(UT Austin, arXiv:2603.08668)实测最小力; 最大力=类别系数x实测最小力","力值语义=两指总夹持力(论文原文: sum of the contact normal forces of two parallel gripper fingers); 单指力换算规则: F_single = F_total / 2 (不静默转换, 双列并存); k=3.0"
E040,Single Pringles potato chip,易碎,2.0,0.25,N,total_two_finger_normal,0.125,0.5,0.25,total,"自适应力控(0.25N起步,滑落收紧约2mm直至不滑); 每物体3次试验取中位数, 取整到0.25N; 举升5cm@0.5cm/s验证不滑(来源: 论文Sec III-A)",3,"官方未发布逐次原始值(仅中位数, 见notes)",median,LEGATO linkage-based two-finger gripper + FORTE fin-ray fingers (UT Austin),FORTE tactile fin-ray fingers (force+slip sensing),ExpForce_official_v1,N,Single_Pringles_potato_chip.png,"Exp-Force(UT Austin, arXiv:2603.08668)实测最小力; 最大力=类别系数x实测最小力","力值语义=两指总夹持力(论文原文: sum of the contact normal forces of two parallel gripper fingers); 单指力换算规则: F_single = F_total / 2 (不静默转换, 双列并存); k=2.0"
E041,Glass whiskey cup,易碎,278.0,1.5,N,total_two_finger_normal,0.750,3.0,1.5,total,"自适应力控(0.25N起步,滑落收紧约2mm直至不滑); 每物体3次试验取中位数, 取整到0.25N; 举升5cm@0.5cm/s验证不滑(来源: 论文Sec III-A)",3,"官方未发布逐次原始值(仅中位数, 见notes)",median,LEGATO linkage-based two-finger gripper + FORTE fin-ray fingers (UT Austin),FORTE tactile fin-ray fingers (force+slip sensing),ExpForce_official_v1,N,Glass_whiskey_cup.png,"Exp-Force(UT Austin, arXiv:2603.08668)实测最小力; 最大力=类别系数x实测最小力","力值语义=两指总夹持力(论文原文: sum of the contact normal forces of two parallel gripper fingers); 单指力换算规则: F_single = F_total / 2 (不静默转换, 双列并存); k=2.0"
E042,H-E-B Texas steak seasoning,刚体,181.0,1.0,N,total_two_finger_normal,0.500,5.0,4.0,total,"自适应力控(0.25N起步,滑落收紧约2mm直至不滑); 每物体3次试验取中位数, 取整到0.25N; 举升5cm@0.5cm/s验证不滑(来源: 论文Sec III-A)",3,"官方未发布逐次原始值(仅中位数, 见notes)",median,LEGATO linkage-based two-finger gripper + FORTE fin-ray fingers (UT Austin),FORTE tactile fin-ray fingers (force+slip sensing),ExpForce_official_v1,N,H-E-B_Texas_steak_seasoning.png,"Exp-Force(UT Austin, arXiv:2603.08668)实测最小力; 最大力=类别系数x实测最小力","力值语义=两指总夹持力(论文原文: sum of the contact normal forces of two parallel gripper fingers); 单指力换算规则: F_single = F_total / 2 (不静默转换, 双列并存); k=5.0"
E043,7UP Tropical soda (zero),刚体,373.0,2.0,N,total_two_finger_normal,1.000,10.0,8.0,total,"自适应力控(0.25N起步,滑落收紧约2mm直至不滑); 每物体3次试验取中位数, 取整到0.25N; 举升5cm@0.5cm/s验证不滑(来源: 论文Sec III-A)",3,"官方未发布逐次原始值(仅中位数, 见notes)",median,LEGATO linkage-based two-finger gripper + FORTE fin-ray fingers (UT Austin),FORTE tactile fin-ray fingers (force+slip sensing),ExpForce_official_v1,N,7UP_Tropical_soda_zero.png,"Exp-Force(UT Austin, arXiv:2603.08668)实测最小力; 最大力=类别系数x实测最小力","力值语义=两指总夹持力(论文原文: sum of the contact normal forces of two parallel gripper fingers); 单指力换算规则: F_single = F_total / 2 (不静默转换, 双列并存); k=5.0"
E044,Diet Coke can,刚体,370.0,2.0,N,total_two_finger_normal,1.000,10.0,8.0,total,"自适应力控(0.25N起步,滑落收紧约2mm直至不滑); 每物体3次试验取中位数, 取整到0.25N; 举升5cm@0.5cm/s验证不滑(来源: 论文Sec III-A)",3,"官方未发布逐次原始值(仅中位数, 见notes)",median,LEGATO linkage-based two-finger gripper + FORTE fin-ray fingers (UT Austin),FORTE tactile fin-ray fingers (force+slip sensing),ExpForce_official_v1,N,Diet_Coke_can.png,"Exp-Force(UT Austin, arXiv:2603.08668)实测最小力; 最大力=类别系数x实测最小力","力值语义=两指总夹持力(论文原文: sum of the contact normal forces of two parallel gripper fingers); 单指力换算规则: F_single = F_total / 2 (不静默转换, 双列并存); k=5.0"
E045,Pringles can (side orientation),刚体,134.0,3.0,N,total_two_finger_normal,1.500,15.0,12.0,total,"自适应力控(0.25N起步,滑落收紧约2mm直至不滑); 每物体3次试验取中位数, 取整到0.25N; 举升5cm@0.5cm/s验证不滑(来源: 论文Sec III-A)",3,"官方未发布逐次原始值(仅中位数, 见notes)",median,LEGATO linkage-based two-finger gripper + FORTE fin-ray fingers (UT Austin),FORTE tactile fin-ray fingers (force+slip sensing),ExpForce_official_v1,N,Pringles_can_side_orientation.png,"Exp-Force(UT Austin, arXiv:2603.08668)实测最小力; 最大力=类别系数x实测最小力","力值语义=两指总夹持力(论文原文: sum of the contact normal forces of two parallel gripper fingers); 单指力换算规则: F_single = F_total / 2 (不静默转换, 双列并存); k=5.0"
E046,Sweet bean paste (regular),刚体,338.0,2.0,N,total_two_finger_normal,1.000,10.0,8.0,total,"自适应力控(0.25N起步,滑落收紧约2mm直至不滑); 每物体3次试验取中位数, 取整到0.25N; 举升5cm@0.5cm/s验证不滑(来源: 论文Sec III-A)",3,"官方未发布逐次原始值(仅中位数, 见notes)",median,LEGATO linkage-based two-finger gripper + FORTE fin-ray fingers (UT Austin),FORTE tactile fin-ray fingers (force+slip sensing),ExpForce_official_v1,N,Sweet_bean_paste_regular.png,"Exp-Force(UT Austin, arXiv:2603.08668)实测最小力; 最大力=类别系数x实测最小力","力值语义=两指总夹持力(论文原文: sum of the contact normal forces of two parallel gripper fingers); 单指力换算规则: F_single = F_total / 2 (不静默转换, 双列并存); k=5.0"
E047,Protein shaker bottle,刚体,130.0,2.0,N,total_two_finger_normal,1.000,10.0,8.0,total,"自适应力控(0.25N起步,滑落收紧约2mm直至不滑); 每物体3次试验取中位数, 取整到0.25N; 举升5cm@0.5cm/s验证不滑(来源: 论文Sec III-A)",3,"官方未发布逐次原始值(仅中位数, 见notes)",median,LEGATO linkage-based two-finger gripper + FORTE fin-ray fingers (UT Austin),FORTE tactile fin-ray fingers (force+slip sensing),ExpForce_official_v1,N,Protein_shaker_bottle.png,"Exp-Force(UT Austin, arXiv:2603.08668)实测最小力; 最大力=类别系数x实测最小力","力值语义=两指总夹持力(论文原文: sum of the contact normal forces of two parallel gripper fingers); 单指力换算规则: F_single = F_total / 2 (不静默转换, 双列并存); k=5.0"
E048,Marshmallow 2 (regular),柔性,4.0,0.25,N,total_two_finger_normal,0.125,0.75,0.5,total,"自适应力控(0.25N起步,滑落收紧约2mm直至不滑); 每物体3次试验取中位数, 取整到0.25N; 举升5cm@0.5cm/s验证不滑(来源: 论文Sec III-A)",3,"官方未发布逐次原始值(仅中位数, 见notes)",median,LEGATO linkage-based two-finger gripper + FORTE fin-ray fingers (UT Austin),FORTE tactile fin-ray fingers (force+slip sensing),ExpForce_official_v1,N,Marshmallow_2_regular.png,"Exp-Force(UT Austin, arXiv:2603.08668)实测最小力; 最大力=类别系数x实测最小力","力值语义=两指总夹持力(论文原文: sum of the contact normal forces of two parallel gripper fingers); 单指力换算规则: F_single = F_total / 2 (不静默转换, 双列并存); k=3.0"
E049,Marshmallow 3 (regular),柔性,6.0,0.25,N,total_two_finger_normal,0.125,0.75,0.5,total,"自适应力控(0.25N起步,滑落收紧约2mm直至不滑); 每物体3次试验取中位数, 取整到0.25N; 举升5cm@0.5cm/s验证不滑(来源: 论文Sec III-A)",3,"官方未发布逐次原始值(仅中位数, 见notes)",median,LEGATO linkage-based two-finger gripper + FORTE fin-ray fingers (UT Austin),FORTE tactile fin-ray fingers (force+slip sensing),ExpForce_official_v1,N,Marshmallow_3_regular.png,"Exp-Force(UT Austin, arXiv:2603.08668)实测最小力; 最大力=类别系数x实测最小力","力值语义=两指总夹持力(论文原文: sum of the contact normal forces of two parallel gripper fingers); 单指力换算规则: F_single = F_total / 2 (不静默转换, 双列并存); k=3.0"
E050,TV remote control,刚体,91.0,1.0,N,total_two_finger_normal,0.500,5.0,4.0,total,"自适应力控(0.25N起步,滑落收紧约2mm直至不滑); 每物体3次试验取中位数, 取整到0.25N; 举升5cm@0.5cm/s验证不滑(来源: 论文Sec III-A)",3,"官方未发布逐次原始值(仅中位数, 见notes)",median,LEGATO linkage-based two-finger gripper + FORTE fin-ray fingers (UT Austin),FORTE tactile fin-ray fingers (force+slip sensing),ExpForce_official_v1,N,TV_remote_control.png,"Exp-Force(UT Austin, arXiv:2603.08668)实测最小力; 最大力=类别系数x实测最小力","力值语义=两指总夹持力(论文原文: sum of the contact normal forces of two parallel gripper fingers); 单指力换算规则: F_single = F_total / 2 (不静默转换, 双列并存); k=5.0"
E051,5V power adapter,刚体,51.0,1.0,N,total_two_finger_normal,0.500,5.0,4.0,total,"自适应力控(0.25N起步,滑落收紧约2mm直至不滑); 每物体3次试验取中位数, 取整到0.25N; 举升5cm@0.5cm/s验证不滑(来源: 论文Sec III-A)",3,"官方未发布逐次原始值(仅中位数, 见notes)",median,LEGATO linkage-based two-finger gripper + FORTE fin-ray fingers (UT Austin),FORTE tactile fin-ray fingers (force+slip sensing),ExpForce_official_v1,N,5V_power_adapter.png,"Exp-Force(UT Austin, arXiv:2603.08668)实测最小力; 最大力=类别系数x实测最小力","力值语义=两指总夹持力(论文原文: sum of the contact normal forces of two parallel gripper fingers); 单指力换算规则: F_single = F_total / 2 (不静默转换, 双列并存); k=5.0"
E052,Magic tape roll,刚体,33.0,2.0,N,total_two_finger_normal,1.000,10.0,8.0,total,"自适应力控(0.25N起步,滑落收紧约2mm直至不滑); 每物体3次试验取中位数, 取整到0.25N; 举升5cm@0.5cm/s验证不滑(来源: 论文Sec III-A)",3,"官方未发布逐次原始值(仅中位数, 见notes)",median,LEGATO linkage-based two-finger gripper + FORTE fin-ray fingers (UT Austin),FORTE tactile fin-ray fingers (force+slip sensing),ExpForce_official_v1,N,Magic_tape_roll.png,"Exp-Force(UT Austin, arXiv:2603.08668)实测最小力; 最大力=类别系数x实测最小力","力值语义=两指总夹持力(论文原文: sum of the contact normal forces of two parallel gripper fingers); 单指力换算规则: F_single = F_total / 2 (不静默转换, 双列并存); k=5.0"
E053,Peeler,刚体,36.0,5.0,N,total_two_finger_normal,2.500,25.0,20.0,total,"自适应力控(0.25N起步,滑落收紧约2mm直至不滑); 每物体3次试验取中位数, 取整到0.25N; 举升5cm@0.5cm/s验证不滑(来源: 论文Sec III-A)",3,"官方未发布逐次原始值(仅中位数, 见notes)",median,LEGATO linkage-based two-finger gripper + FORTE fin-ray fingers (UT Austin),FORTE tactile fin-ray fingers (force+slip sensing),ExpForce_official_v1,N,Peeler.png,"Exp-Force(UT Austin, arXiv:2603.08668)实测最小力; 最大力=类别系数x实测最小力","力值语义=两指总夹持力(论文原文: sum of the contact normal forces of two parallel gripper fingers); 单指力换算规则: F_single = F_total / 2 (不静默转换, 双列并存); k=5.0"
E054,Skippy creamy peanut butter,刚体,508.0,1.75,N,total_two_finger_normal,0.875,8.75,7.0,total,"自适应力控(0.25N起步,滑落收紧约2mm直至不滑); 每物体3次试验取中位数, 取整到0.25N; 举升5cm@0.5cm/s验证不滑(来源: 论文Sec III-A)",3,"官方未发布逐次原始值(仅中位数, 见notes)",median,LEGATO linkage-based two-finger gripper + FORTE fin-ray fingers (UT Austin),FORTE tactile fin-ray fingers (force+slip sensing),ExpForce_official_v1,N,Skippy_creamy_peanut_butter.png,"Exp-Force(UT Austin, arXiv:2603.08668)实测最小力; 最大力=类别系数x实测最小力","力值语义=两指总夹持力(论文原文: sum of the contact normal forces of two parallel gripper fingers); 单指力换算规则: F_single = F_total / 2 (不静默转换, 双列并存); k=5.0"
E055,Goodbye Stress gummies (42 count),刚体,150.0,0.75,N,total_two_finger_normal,0.375,3.75,3.0,total,"自适应力控(0.25N起步,滑落收紧约2mm直至不滑); 每物体3次试验取中位数, 取整到0.25N; 举升5cm@0.5cm/s验证不滑(来源: 论文Sec III-A)",3,"官方未发布逐次原始值(仅中位数, 见notes)",median,LEGATO linkage-based two-finger gripper + FORTE fin-ray fingers (UT Austin),FORTE tactile fin-ray fingers (force+slip sensing),ExpForce_official_v1,N,Goodbye_Stress_gummies_42_count.png,"Exp-Force(UT Austin, arXiv:2603.08668)实测最小力; 最大力=类别系数x实测最小力","力值语义=两指总夹持力(论文原文: sum of the contact normal forces of two parallel gripper fingers); 单指力换算规则: F_single = F_total / 2 (不静默转换, 双列并存); k=5.0"
E056,Banana,柔性,206.0,1.0,N,total_two_finger_normal,0.500,3.0,2.0,total,"自适应力控(0.25N起步,滑落收紧约2mm直至不滑); 每物体3次试验取中位数, 取整到0.25N; 举升5cm@0.5cm/s验证不滑(来源: 论文Sec III-A)",3,"官方未发布逐次原始值(仅中位数, 见notes)",median,LEGATO linkage-based two-finger gripper + FORTE fin-ray fingers (UT Austin),FORTE tactile fin-ray fingers (force+slip sensing),ExpForce_official_v1,N,Banana.png,"Exp-Force(UT Austin, arXiv:2603.08668)实测最小力; 最大力=类别系数x实测最小力","力值语义=两指总夹持力(论文原文: sum of the contact normal forces of two parallel gripper fingers); 单指力换算规则: F_single = F_total / 2 (不静默转换, 双列并存); k=3.0"
E057,Barbasol shaving cream (aloe),刚体,279.0,1.0,N,total_two_finger_normal,0.500,5.0,4.0,total,"自适应力控(0.25N起步,滑落收紧约2mm直至不滑); 每物体3次试验取中位数, 取整到0.25N; 举升5cm@0.5cm/s验证不滑(来源: 论文Sec III-A)",3,"官方未发布逐次原始值(仅中位数, 见notes)",median,LEGATO linkage-based two-finger gripper + FORTE fin-ray fingers (UT Austin),FORTE tactile fin-ray fingers (force+slip sensing),ExpForce_official_v1,N,Barbasol_shaving_cream_aloe.png,"Exp-Force(UT Austin, arXiv:2603.08668)实测最小力; 最大力=类别系数x实测最小力","力值语义=两指总夹持力(论文原文: sum of the contact normal forces of two parallel gripper fingers); 单指力换算规则: F_single = F_total / 2 (不静默转换, 双列并存); k=5.0"
E058,Sticky lint roller,刚体,99.0,1.25,N,total_two_finger_normal,0.625,6.25,5.0,total,"自适应力控(0.25N起步,滑落收紧约2mm直至不滑); 每物体3次试验取中位数, 取整到0.25N; 举升5cm@0.5cm/s验证不滑(来源: 论文Sec III-A)",3,"官方未发布逐次原始值(仅中位数, 见notes)",median,LEGATO linkage-based two-finger gripper + FORTE fin-ray fingers (UT Austin),FORTE tactile fin-ray fingers (force+slip sensing),ExpForce_official_v1,N,Sticky_lint_roller.png,"Exp-Force(UT Austin, arXiv:2603.08668)实测最小力; 最大力=类别系数x实测最小力","力值语义=两指总夹持力(论文原文: sum of the contact normal forces of two parallel gripper fingers); 单指力换算规则: F_single = F_total / 2 (不静默转换, 双列并存); k=5.0"
E059,Crest 3D White toothpaste (box),刚体,127.0,2.0,N,total_two_finger_normal,1.000,10.0,8.0,total,"自适应力控(0.25N起步,滑落收紧约2mm直至不滑); 每物体3次试验取中位数, 取整到0.25N; 举升5cm@0.5cm/s验证不滑(来源: 论文Sec III-A)",3,"官方未发布逐次原始值(仅中位数, 见notes)",median,LEGATO linkage-based two-finger gripper + FORTE fin-ray fingers (UT Austin),FORTE tactile fin-ray fingers (force+slip sensing),ExpForce_official_v1,N,Crest_3D_White_toothpaste_box.png,"Exp-Force(UT Austin, arXiv:2603.08668)实测最小力; 最大力=类别系数x实测最小力","力值语义=两指总夹持力(论文原文: sum of the contact normal forces of two parallel gripper fingers); 单指力换算规则: F_single = F_total / 2 (不静默转换, 双列并存); k=5.0"
E060,Large brown egg,易碎,64.0,0.5,N,total_two_finger_normal,0.250,1.0,0.5,total,"自适应力控(0.25N起步,滑落收紧约2mm直至不滑); 每物体3次试验取中位数, 取整到0.25N; 举升5cm@0.5cm/s验证不滑(来源: 论文Sec III-A)",3,"官方未发布逐次原始值(仅中位数, 见notes)",median,LEGATO linkage-based two-finger gripper + FORTE fin-ray fingers (UT Austin),FORTE tactile fin-ray fingers (force+slip sensing),ExpForce_official_v1,N,Large_brown_egg.png,"Exp-Force(UT Austin, arXiv:2603.08668)实测最小力; 最大力=类别系数x实测最小力","力值语义=两指总夹持力(论文原文: sum of the contact normal forces of two parallel gripper fingers); 单指力换算规则: F_single = F_total / 2 (不静默转换, 双列并存); k=2.0"
E061,Large white egg,易碎,62.0,0.5,N,total_two_finger_normal,0.250,1.0,0.5,total,"自适应力控(0.25N起步,滑落收紧约2mm直至不滑); 每物体3次试验取中位数, 取整到0.25N; 举升5cm@0.5cm/s验证不滑(来源: 论文Sec III-A)",3,"官方未发布逐次原始值(仅中位数, 见notes)",median,LEGATO linkage-based two-finger gripper + FORTE fin-ray fingers (UT Austin),FORTE tactile fin-ray fingers (force+slip sensing),ExpForce_official_v1,N,Large_white_egg.png,"Exp-Force(UT Austin, arXiv:2603.08668)实测最小力; 最大力=类别系数x实测最小力","力值语义=两指总夹持力(论文原文: sum of the contact normal forces of two parallel gripper fingers); 单指力换算规则: F_single = F_total / 2 (不静默转换, 双列并存); k=2.0"
E062,Olly? Sleep Melatonin Gummies,刚体,286.0,3.0,N,total_two_finger_normal,1.500,15.0,12.0,total,"自适应力控(0.25N起步,滑落收紧约2mm直至不滑); 每物体3次试验取中位数, 取整到0.25N; 举升5cm@0.5cm/s验证不滑(来源: 论文Sec III-A)",3,"官方未发布逐次原始值(仅中位数, 见notes)",median,LEGATO linkage-based two-finger gripper + FORTE fin-ray fingers (UT Austin),FORTE tactile fin-ray fingers (force+slip sensing),ExpForce_official_v1,N,Olly_Sleep_Melatonin_Gummies.png,"Exp-Force(UT Austin, arXiv:2603.08668)实测最小力; 最大力=类别系数x实测最小力","力值语义=两指总夹持力(论文原文: sum of the contact normal forces of two parallel gripper fingers); 单指力换算规则: F_single = F_total / 2 (不静默转换, 双列并存); k=5.0"
E063,Gatsby hair wax,刚体,112.0,1.25,N,total_two_finger_normal,0.625,6.25,5.0,total,"自适应力控(0.25N起步,滑落收紧约2mm直至不滑); 每物体3次试验取中位数, 取整到0.25N; 举升5cm@0.5cm/s验证不滑(来源: 论文Sec III-A)",3,"官方未发布逐次原始值(仅中位数, 见notes)",median,LEGATO linkage-based two-finger gripper + FORTE fin-ray fingers (UT Austin),FORTE tactile fin-ray fingers (force+slip sensing),ExpForce_official_v1,N,Gatsby_hair_wax.png,"Exp-Force(UT Austin, arXiv:2603.08668)实测最小力; 最大力=类别系数x实测最小力","力值语义=两指总夹持力(论文原文: sum of the contact normal forces of two parallel gripper fingers); 单指力换算规则: F_single = F_total / 2 (不静默转换, 双列并存); k=5.0"
E064,Green pear,柔性,237.0,1.5,N,total_two_finger_normal,0.750,4.5,3.0,total,"自适应力控(0.25N起步,滑落收紧约2mm直至不滑); 每物体3次试验取中位数, 取整到0.25N; 举升5cm@0.5cm/s验证不滑(来源: 论文Sec III-A)",3,"官方未发布逐次原始值(仅中位数, 见notes)",median,LEGATO linkage-based two-finger gripper + FORTE fin-ray fingers (UT Austin),FORTE tactile fin-ray fingers (force+slip sensing),ExpForce_official_v1,N,Green_pear.png,"Exp-Force(UT Austin, arXiv:2603.08668)实测最小力; 最大力=类别系数x实测最小力","力值语义=两指总夹持力(论文原文: sum of the contact normal forces of two parallel gripper fingers); 单指力换算规则: F_single = F_total / 2 (不静默转换, 双列并存); k=3.0"
E065,Large lemon,柔性,181.0,0.75,N,total_two_finger_normal,0.375,2.25,1.5,total,"自适应力控(0.25N起步,滑落收紧约2mm直至不滑); 每物体3次试验取中位数, 取整到0.25N; 举升5cm@0.5cm/s验证不滑(来源: 论文Sec III-A)",3,"官方未发布逐次原始值(仅中位数, 见notes)",median,LEGATO linkage-based two-finger gripper + FORTE fin-ray fingers (UT Austin),FORTE tactile fin-ray fingers (force+slip sensing),ExpForce_official_v1,N,Large_lemon.png,"Exp-Force(UT Austin, arXiv:2603.08668)实测最小力; 最大力=类别系数x实测最小力","力值语义=两指总夹持力(论文原文: sum of the contact normal forces of two parallel gripper fingers); 单指力换算规则: F_single = F_total / 2 (不静默转换, 双列并存); k=3.0"
E066,Golden apple,柔性,238.0,1.5,N,total_two_finger_normal,0.750,4.5,3.0,total,"自适应力控(0.25N起步,滑落收紧约2mm直至不滑); 每物体3次试验取中位数, 取整到0.25N; 举升5cm@0.5cm/s验证不滑(来源: 论文Sec III-A)",3,"官方未发布逐次原始值(仅中位数, 见notes)",median,LEGATO linkage-based two-finger gripper + FORTE fin-ray fingers (UT Austin),FORTE tactile fin-ray fingers (force+slip sensing),ExpForce_official_v1,N,Golden_apple.png,"Exp-Force(UT Austin, arXiv:2603.08668)实测最小力; 最大力=类别系数x实测最小力","力值语义=两指总夹持力(论文原文: sum of the contact normal forces of two parallel gripper fingers); 单指力换算规则: F_single = F_total / 2 (不静默转换, 双列并存); k=3.0"
E067,Red apple 1,柔性,231.0,1.5,N,total_two_finger_normal,0.750,4.5,3.0,total,"自适应力控(0.25N起步,滑落收紧约2mm直至不滑); 每物体3次试验取中位数, 取整到0.25N; 举升5cm@0.5cm/s验证不滑(来源: 论文Sec III-A)",3,"官方未发布逐次原始值(仅中位数, 见notes)",median,LEGATO linkage-based two-finger gripper + FORTE fin-ray fingers (UT Austin),FORTE tactile fin-ray fingers (force+slip sensing),ExpForce_official_v1,N,Red_apple_1.png,"Exp-Force(UT Austin, arXiv:2603.08668)实测最小力; 最大力=类别系数x实测最小力","力值语义=两指总夹持力(论文原文: sum of the contact normal forces of two parallel gripper fingers); 单指力换算规则: F_single = F_total / 2 (不静默转换, 双列并存); k=3.0"
E068,Green apple,柔性,282.0,1.5,N,total_two_finger_normal,0.750,4.5,3.0,total,"自适应力控(0.25N起步,滑落收紧约2mm直至不滑); 每物体3次试验取中位数, 取整到0.25N; 举升5cm@0.5cm/s验证不滑(来源: 论文Sec III-A)",3,"官方未发布逐次原始值(仅中位数, 见notes)",median,LEGATO linkage-based two-finger gripper + FORTE fin-ray fingers (UT Austin),FORTE tactile fin-ray fingers (force+slip sensing),ExpForce_official_v1,N,Green_apple.png,"Exp-Force(UT Austin, arXiv:2603.08668)实测最小力; 最大力=类别系数x实测最小力","力值语义=两指总夹持力(论文原文: sum of the contact normal forces of two parallel gripper fingers); 单指力换算规则: F_single = F_total / 2 (不静默转换, 双列并存); k=3.0"
E069,Red apple 2 (large),柔性,387.0,2.0,N,total_two_finger_normal,1.000,6.0,4.0,total,"自适应力控(0.25N起步,滑落收紧约2mm直至不滑); 每物体3次试验取中位数, 取整到0.25N; 举升5cm@0.5cm/s验证不滑(来源: 论文Sec III-A)",3,"官方未发布逐次原始值(仅中位数, 见notes)",median,LEGATO linkage-based two-finger gripper + FORTE fin-ray fingers (UT Austin),FORTE tactile fin-ray fingers (force+slip sensing),ExpForce_official_v1,N,Red_apple_2_large.png,"Exp-Force(UT Austin, arXiv:2603.08668)实测最小力; 最大力=类别系数x实测最小力","力值语义=两指总夹持力(论文原文: sum of the contact normal forces of two parallel gripper fingers); 单指力换算规则: F_single = F_total / 2 (不静默转换, 双列并存); k=3.0"
E070,Mini bell pepper 1,柔性,23.0,0.5,N,total_two_finger_normal,0.250,1.5,1.0,total,"自适应力控(0.25N起步,滑落收紧约2mm直至不滑); 每物体3次试验取中位数, 取整到0.25N; 举升5cm@0.5cm/s验证不滑(来源: 论文Sec III-A)",3,"官方未发布逐次原始值(仅中位数, 见notes)",median,LEGATO linkage-based two-finger gripper + FORTE fin-ray fingers (UT Austin),FORTE tactile fin-ray fingers (force+slip sensing),ExpForce_official_v1,N,Mini_bell_pepper_1.png,"Exp-Force(UT Austin, arXiv:2603.08668)实测最小力; 最大力=类别系数x实测最小力","力值语义=两指总夹持力(论文原文: sum of the contact normal forces of two parallel gripper fingers); 单指力换算规则: F_single = F_total / 2 (不静默转换, 双列并存); k=3.0"
E071,Mini bell pepper 2,柔性,17.0,0.5,N,total_two_finger_normal,0.250,1.5,1.0,total,"自适应力控(0.25N起步,滑落收紧约2mm直至不滑); 每物体3次试验取中位数, 取整到0.25N; 举升5cm@0.5cm/s验证不滑(来源: 论文Sec III-A)",3,"官方未发布逐次原始值(仅中位数, 见notes)",median,LEGATO linkage-based two-finger gripper + FORTE fin-ray fingers (UT Austin),FORTE tactile fin-ray fingers (force+slip sensing),ExpForce_official_v1,N,Mini_bell_pepper_2.png,"Exp-Force(UT Austin, arXiv:2603.08668)实测最小力; 最大力=类别系数x实测最小力","力值语义=两指总夹持力(论文原文: sum of the contact normal forces of two parallel gripper fingers); 单指力换算规则: F_single = F_total / 2 (不静默转换, 双列并存); k=3.0"
E072,Mini bell pepper 3,柔性,15.0,0.5,N,total_two_finger_normal,0.250,1.5,1.0,total,"自适应力控(0.25N起步,滑落收紧约2mm直至不滑); 每物体3次试验取中位数, 取整到0.25N; 举升5cm@0.5cm/s验证不滑(来源: 论文Sec III-A)",3,"官方未发布逐次原始值(仅中位数, 见notes)",median,LEGATO linkage-based two-finger gripper + FORTE fin-ray fingers (UT Austin),FORTE tactile fin-ray fingers (force+slip sensing),ExpForce_official_v1,N,Mini_bell_pepper_3.png,"Exp-Force(UT Austin, arXiv:2603.08668)实测最小力; 最大力=类别系数x实测最小力","力值语义=两指总夹持力(论文原文: sum of the contact normal forces of two parallel gripper fingers); 单指力换算规则: F_single = F_total / 2 (不静默转换, 双列并存); k=3.0"
E073,Strawberry 2,柔性,40.0,0.5,N,total_two_finger_normal,0.250,1.5,1.0,total,"自适应力控(0.25N起步,滑落收紧约2mm直至不滑); 每物体3次试验取中位数, 取整到0.25N; 举升5cm@0.5cm/s验证不滑(来源: 论文Sec III-A)",3,"官方未发布逐次原始值(仅中位数, 见notes)",median,LEGATO linkage-based two-finger gripper + FORTE fin-ray fingers (UT Austin),FORTE tactile fin-ray fingers (force+slip sensing),ExpForce_official_v1,N,Strawberry_2.png,"Exp-Force(UT Austin, arXiv:2603.08668)实测最小力; 最大力=类别系数x实测最小力","力值语义=两指总夹持力(论文原文: sum of the contact normal forces of two parallel gripper fingers); 单指力换算规则: F_single = F_total / 2 (不静默转换, 双列并存); k=3.0"
E074,Strawberry (large),柔性,64.0,1.0,N,total_two_finger_normal,0.500,3.0,2.0,total,"自适应力控(0.25N起步,滑落收紧约2mm直至不滑); 每物体3次试验取中位数, 取整到0.25N; 举升5cm@0.5cm/s验证不滑(来源: 论文Sec III-A)",3,"官方未发布逐次原始值(仅中位数, 见notes)",median,LEGATO linkage-based two-finger gripper + FORTE fin-ray fingers (UT Austin),FORTE tactile fin-ray fingers (force+slip sensing),ExpForce_official_v1,N,Strawberry_large.png,"Exp-Force(UT Austin, arXiv:2603.08668)实测最小力; 最大力=类别系数x实测最小力","力值语义=两指总夹持力(论文原文: sum of the contact normal forces of two parallel gripper fingers); 单指力换算规则: F_single = F_total / 2 (不静默转换, 双列并存); k=3.0"
E075,Mandarins,柔性,88.0,1.0,N,total_two_finger_normal,0.500,3.0,2.0,total,"自适应力控(0.25N起步,滑落收紧约2mm直至不滑); 每物体3次试验取中位数, 取整到0.25N; 举升5cm@0.5cm/s验证不滑(来源: 论文Sec III-A)",3,"官方未发布逐次原始值(仅中位数, 见notes)",median,LEGATO linkage-based two-finger gripper + FORTE fin-ray fingers (UT Austin),FORTE tactile fin-ray fingers (force+slip sensing),ExpForce_official_v1,N,Mandarins.png,"Exp-Force(UT Austin, arXiv:2603.08668)实测最小力; 最大力=类别系数x实测最小力","力值语义=两指总夹持力(论文原文: sum of the contact normal forces of two parallel gripper fingers); 单指力换算规则: F_single = F_total / 2 (不静默转换, 双列并存); k=3.0"
E076,Red grape 3,柔性,8.0,0.5,N,total_two_finger_normal,0.250,1.5,1.0,total,"自适应力控(0.25N起步,滑落收紧约2mm直至不滑); 每物体3次试验取中位数, 取整到0.25N; 举升5cm@0.5cm/s验证不滑(来源: 论文Sec III-A)",3,"官方未发布逐次原始值(仅中位数, 见notes)",median,LEGATO linkage-based two-finger gripper + FORTE fin-ray fingers (UT Austin),FORTE tactile fin-ray fingers (force+slip sensing),ExpForce_official_v1,N,Red_grape_3.png,"Exp-Force(UT Austin, arXiv:2603.08668)实测最小力; 最大力=类别系数x实测最小力","力值语义=两指总夹持力(论文原文: sum of the contact normal forces of two parallel gripper fingers); 单指力换算规则: F_single = F_total / 2 (不静默转换, 双列并存); k=3.0"
E077,Green grape 1,柔性,11.0,0.5,N,total_two_finger_normal,0.250,1.5,1.0,total,"自适应力控(0.25N起步,滑落收紧约2mm直至不滑); 每物体3次试验取中位数, 取整到0.25N; 举升5cm@0.5cm/s验证不滑(来源: 论文Sec III-A)",3,"官方未发布逐次原始值(仅中位数, 见notes)",median,LEGATO linkage-based two-finger gripper + FORTE fin-ray fingers (UT Austin),FORTE tactile fin-ray fingers (force+slip sensing),ExpForce_official_v1,N,Green_grape_1.png,"Exp-Force(UT Austin, arXiv:2603.08668)实测最小力; 最大力=类别系数x实测最小力","力值语义=两指总夹持力(论文原文: sum of the contact normal forces of two parallel gripper fingers); 单指力换算规则: F_single = F_total / 2 (不静默转换, 双列并存); k=3.0"
E078,Green grape 2,柔性,15.0,0.5,N,total_two_finger_normal,0.250,1.5,1.0,total,"自适应力控(0.25N起步,滑落收紧约2mm直至不滑); 每物体3次试验取中位数, 取整到0.25N; 举升5cm@0.5cm/s验证不滑(来源: 论文Sec III-A)",3,"官方未发布逐次原始值(仅中位数, 见notes)",median,LEGATO linkage-based two-finger gripper + FORTE fin-ray fingers (UT Austin),FORTE tactile fin-ray fingers (force+slip sensing),ExpForce_official_v1,N,Green_grape_2.png,"Exp-Force(UT Austin, arXiv:2603.08668)实测最小力; 最大力=类别系数x实测最小力","力值语义=两指总夹持力(论文原文: sum of the contact normal forces of two parallel gripper fingers); 单指力换算规则: F_single = F_total / 2 (不静默转换, 双列并存); k=3.0"
E079,Green grape 3,柔性,8.0,0.5,N,total_two_finger_normal,0.250,1.5,1.0,total,"自适应力控(0.25N起步,滑落收紧约2mm直至不滑); 每物体3次试验取中位数, 取整到0.25N; 举升5cm@0.5cm/s验证不滑(来源: 论文Sec III-A)",3,"官方未发布逐次原始值(仅中位数, 见notes)",median,LEGATO linkage-based two-finger gripper + FORTE fin-ray fingers (UT Austin),FORTE tactile fin-ray fingers (force+slip sensing),ExpForce_official_v1,N,Green_grape_3.png,"Exp-Force(UT Austin, arXiv:2603.08668)实测最小力; 最大力=类别系数x实测最小力","力值语义=两指总夹持力(论文原文: sum of the contact normal forces of two parallel gripper fingers); 单指力换算规则: F_single = F_total / 2 (不静默转换, 双列并存); k=3.0"
E080,Red grape tomato 1,柔性,18.0,0.5,N,total_two_finger_normal,0.250,1.5,1.0,total,"自适应力控(0.25N起步,滑落收紧约2mm直至不滑); 每物体3次试验取中位数, 取整到0.25N; 举升5cm@0.5cm/s验证不滑(来源: 论文Sec III-A)",3,"官方未发布逐次原始值(仅中位数, 见notes)",median,LEGATO linkage-based two-finger gripper + FORTE fin-ray fingers (UT Austin),FORTE tactile fin-ray fingers (force+slip sensing),ExpForce_official_v1,N,Red_grape_tomato_1.png,"Exp-Force(UT Austin, arXiv:2603.08668)实测最小力; 最大力=类别系数x实测最小力","力值语义=两指总夹持力(论文原文: sum of the contact normal forces of two parallel gripper fingers); 单指力换算规则: F_single = F_total / 2 (不静默转换, 双列并存); k=3.0"
E081,Red grape tomato 2,柔性,11.0,0.5,N,total_two_finger_normal,0.250,1.5,1.0,total,"自适应力控(0.25N起步,滑落收紧约2mm直至不滑); 每物体3次试验取中位数, 取整到0.25N; 举升5cm@0.5cm/s验证不滑(来源: 论文Sec III-A)",3,"官方未发布逐次原始值(仅中位数, 见notes)",median,LEGATO linkage-based two-finger gripper + FORTE fin-ray fingers (UT Austin),FORTE tactile fin-ray fingers (force+slip sensing),ExpForce_official_v1,N,Red_grape_tomato_2.png,"Exp-Force(UT Austin, arXiv:2603.08668)实测最小力; 最大力=类别系数x实测最小力","力值语义=两指总夹持力(论文原文: sum of the contact normal forces of two parallel gripper fingers); 单指力换算规则: F_single = F_total / 2 (不静默转换, 双列并存); k=3.0"
E082,Green grape tomato 1,柔性,13.0,0.5,N,total_two_finger_normal,0.250,1.5,1.0,total,"自适应力控(0.25N起步,滑落收紧约2mm直至不滑); 每物体3次试验取中位数, 取整到0.25N; 举升5cm@0.5cm/s验证不滑(来源: 论文Sec III-A)",3,"官方未发布逐次原始值(仅中位数, 见notes)",median,LEGATO linkage-based two-finger gripper + FORTE fin-ray fingers (UT Austin),FORTE tactile fin-ray fingers (force+slip sensing),ExpForce_official_v1,N,Green_grape_tomato_1.png,"Exp-Force(UT Austin, arXiv:2603.08668)实测最小力; 最大力=类别系数x实测最小力","力值语义=两指总夹持力(论文原文: sum of the contact normal forces of two parallel gripper fingers); 单指力换算规则: F_single = F_total / 2 (不静默转换, 双列并存); k=3.0"
E083,Yellow grape tomato,柔性,10.0,0.5,N,total_two_finger_normal,0.250,1.5,1.0,total,"自适应力控(0.25N起步,滑落收紧约2mm直至不滑); 每物体3次试验取中位数, 取整到0.25N; 举升5cm@0.5cm/s验证不滑(来源: 论文Sec III-A)",3,"官方未发布逐次原始值(仅中位数, 见notes)",median,LEGATO linkage-based two-finger gripper + FORTE fin-ray fingers (UT Austin),FORTE tactile fin-ray fingers (force+slip sensing),ExpForce_official_v1,N,Yellow_grape_tomato.png,"Exp-Force(UT Austin, arXiv:2603.08668)实测最小力; 最大力=类别系数x实测最小力","力值语义=两指总夹持力(论文原文: sum of the contact normal forces of two parallel gripper fingers); 单指力换算规则: F_single = F_total / 2 (不静默转换, 双列并存); k=3.0"
E084,Green grape tomato 2,柔性,11.0,0.5,N,total_two_finger_normal,0.250,1.5,1.0,total,"自适应力控(0.25N起步,滑落收紧约2mm直至不滑); 每物体3次试验取中位数, 取整到0.25N; 举升5cm@0.5cm/s验证不滑(来源: 论文Sec III-A)",3,"官方未发布逐次原始值(仅中位数, 见notes)",median,LEGATO linkage-based two-finger gripper + FORTE fin-ray fingers (UT Austin),FORTE tactile fin-ray fingers (force+slip sensing),ExpForce_official_v1,N,Green_grape_tomato_2.png,"Exp-Force(UT Austin, arXiv:2603.08668)实测最小力; 最大力=类别系数x实测最小力","力值语义=两指总夹持力(论文原文: sum of the contact normal forces of two parallel gripper fingers); 单指力换算规则: F_single = F_total / 2 (不静默转换, 双列并存); k=3.0"
E085,Green grape tomato 3,柔性,11.0,0.5,N,total_two_finger_normal,0.250,1.5,1.0,total,"自适应力控(0.25N起步,滑落收紧约2mm直至不滑); 每物体3次试验取中位数, 取整到0.25N; 举升5cm@0.5cm/s验证不滑(来源: 论文Sec III-A)",3,"官方未发布逐次原始值(仅中位数, 见notes)",median,LEGATO linkage-based two-finger gripper + FORTE fin-ray fingers (UT Austin),FORTE tactile fin-ray fingers (force+slip sensing),ExpForce_official_v1,N,Green_grape_tomato_3.png,"Exp-Force(UT Austin, arXiv:2603.08668)实测最小力; 最大力=类别系数x实测最小力","力值语义=两指总夹持力(论文原文: sum of the contact normal forces of two parallel gripper fingers); 单指力换算规则: F_single = F_total / 2 (不静默转换, 双列并存); k=3.0"
E086,Blueberry,柔性,1.0,0.25,N,total_two_finger_normal,0.125,0.75,0.5,total,"自适应力控(0.25N起步,滑落收紧约2mm直至不滑); 每物体3次试验取中位数, 取整到0.25N; 举升5cm@0.5cm/s验证不滑(来源: 论文Sec III-A)",3,"官方未发布逐次原始值(仅中位数, 见notes)",median,LEGATO linkage-based two-finger gripper + FORTE fin-ray fingers (UT Austin),FORTE tactile fin-ray fingers (force+slip sensing),ExpForce_official_v1,N,Blueberry.png,"Exp-Force(UT Austin, arXiv:2603.08668)实测最小力; 最大力=类别系数x实测最小力","力值语义=两指总夹持力(论文原文: sum of the contact normal forces of two parallel gripper fingers); 单指力换算规则: F_single = F_total / 2 (不静默转换, 双列并存); k=3.0"
E087,Raspberry,柔性,4.0,0.25,N,total_two_finger_normal,0.125,0.75,0.5,total,"自适应力控(0.25N起步,滑落收紧约2mm直至不滑); 每物体3次试验取中位数, 取整到0.25N; 举升5cm@0.5cm/s验证不滑(来源: 论文Sec III-A)",3,"官方未发布逐次原始值(仅中位数, 见notes)",median,LEGATO linkage-based two-finger gripper + FORTE fin-ray fingers (UT Austin),FORTE tactile fin-ray fingers (force+slip sensing),ExpForce_official_v1,N,Raspberry.png,"Exp-Force(UT Austin, arXiv:2603.08668)实测最小力; 最大力=类别系数x实测最小力","力值语义=两指总夹持力(论文原文: sum of the contact normal forces of two parallel gripper fingers); 单指力换算规则: F_single = F_total / 2 (不静默转换, 双列并存); k=3.0"
E088,Blackberry 1,柔性,5.0,0.25,N,total_two_finger_normal,0.125,0.75,0.5,total,"自适应力控(0.25N起步,滑落收紧约2mm直至不滑); 每物体3次试验取中位数, 取整到0.25N; 举升5cm@0.5cm/s验证不滑(来源: 论文Sec III-A)",3,"官方未发布逐次原始值(仅中位数, 见notes)",median,LEGATO linkage-based two-finger gripper + FORTE fin-ray fingers (UT Austin),FORTE tactile fin-ray fingers (force+slip sensing),ExpForce_official_v1,N,Blackberry_1.png,"Exp-Force(UT Austin, arXiv:2603.08668)实测最小力; 最大力=类别系数x实测最小力","力值语义=两指总夹持力(论文原文: sum of the contact normal forces of two parallel gripper fingers); 单指力换算规则: F_single = F_total / 2 (不静默转换, 双列并存); k=3.0"
E089,Sunkist Orange soda (zero),刚体,370.0,2.0,N,total_two_finger_normal,1.000,10.0,8.0,total,"自适应力控(0.25N起步,滑落收紧约2mm直至不滑); 每物体3次试验取中位数, 取整到0.25N; 举升5cm@0.5cm/s验证不滑(来源: 论文Sec III-A)",3,"官方未发布逐次原始值(仅中位数, 见notes)",median,LEGATO linkage-based two-finger gripper + FORTE fin-ray fingers (UT Austin),FORTE tactile fin-ray fingers (force+slip sensing),ExpForce_official_v1,N,Sunkist_Orange_soda_zero.png,"Exp-Force(UT Austin, arXiv:2603.08668)实测最小力; 最大力=类别系数x实测最小力","力值语义=两指总夹持力(论文原文: sum of the contact normal forces of two parallel gripper fingers); 单指力换算规则: F_single = F_total / 2 (不静默转换, 双列并存); k=5.0"
E090,Muffin mix box,刚体,612.0,2.0,N,total_two_finger_normal,1.000,10.0,8.0,total,"自适应力控(0.25N起步,滑落收紧约2mm直至不滑); 每物体3次试验取中位数, 取整到0.25N; 举升5cm@0.5cm/s验证不滑(来源: 论文Sec III-A)",3,"官方未发布逐次原始值(仅中位数, 见notes)",median,LEGATO linkage-based two-finger gripper + FORTE fin-ray fingers (UT Austin),FORTE tactile fin-ray fingers (force+slip sensing),ExpForce_official_v1,N,Muffin_mix_box.png,"Exp-Force(UT Austin, arXiv:2603.08668)实测最小力; 最大力=类别系数x实测最小力","力值语义=两指总夹持力(论文原文: sum of the contact normal forces of two parallel gripper fingers); 单指力换算规则: F_single = F_total / 2 (不静默转换, 双列并存); k=5.0"
E091,Cheez-It crackers box,刚体,236.0,2.0,N,total_two_finger_normal,1.000,10.0,8.0,total,"自适应力控(0.25N起步,滑落收紧约2mm直至不滑); 每物体3次试验取中位数, 取整到0.25N; 举升5cm@0.5cm/s验证不滑(来源: 论文Sec III-A)",3,"官方未发布逐次原始值(仅中位数, 见notes)",median,LEGATO linkage-based two-finger gripper + FORTE fin-ray fingers (UT Austin),FORTE tactile fin-ray fingers (force+slip sensing),ExpForce_official_v1,N,Cheez-It_crackers_box.png,"Exp-Force(UT Austin, arXiv:2603.08668)实测最小力; 最大力=类别系数x实测最小力","力值语义=两指总夹持力(论文原文: sum of the contact normal forces of two parallel gripper fingers); 单指力换算规则: F_single = F_total / 2 (不静默转换, 双列并存); k=5.0"
E092,CeraVe Moisturizing Lotion,刚体,395.0,2.25,N,total_two_finger_normal,1.125,11.25,9.0,total,"自适应力控(0.25N起步,滑落收紧约2mm直至不滑); 每物体3次试验取中位数, 取整到0.25N; 举升5cm@0.5cm/s验证不滑(来源: 论文Sec III-A)",3,"官方未发布逐次原始值(仅中位数, 见notes)",median,LEGATO linkage-based two-finger gripper + FORTE fin-ray fingers (UT Austin),FORTE tactile fin-ray fingers (force+slip sensing),ExpForce_official_v1,N,CeraVe_Moisturizing_Lotion.png,"Exp-Force(UT Austin, arXiv:2603.08668)实测最小力; 最大力=类别系数x实测最小力","力值语义=两指总夹持力(论文原文: sum of the contact normal forces of two parallel gripper fingers); 单指力换算规则: F_single = F_total / 2 (不静默转换, 双列并存); k=5.0"
E093,Yellow mustard bottle,刚体,439.0,3.25,N,total_two_finger_normal,1.625,16.25,13.0,total,"自适应力控(0.25N起步,滑落收紧约2mm直至不滑); 每物体3次试验取中位数, 取整到0.25N; 举升5cm@0.5cm/s验证不滑(来源: 论文Sec III-A)",3,"官方未发布逐次原始值(仅中位数, 见notes)",median,LEGATO linkage-based two-finger gripper + FORTE fin-ray fingers (UT Austin),FORTE tactile fin-ray fingers (force+slip sensing),ExpForce_official_v1,N,Yellow_mustard_bottle.png,"Exp-Force(UT Austin, arXiv:2603.08668)实测最小力; 最大力=类别系数x实测最小力","力值语义=两指总夹持力(论文原文: sum of the contact normal forces of two parallel gripper fingers); 单指力换算规则: F_single = F_total / 2 (不静默转换, 双列并存); k=5.0"
E094,H-E-B Pink Salt refill,刚体,423.0,2.5,N,total_two_finger_normal,1.250,12.5,10.0,total,"自适应力控(0.25N起步,滑落收紧约2mm直至不滑); 每物体3次试验取中位数, 取整到0.25N; 举升5cm@0.5cm/s验证不滑(来源: 论文Sec III-A)",3,"官方未发布逐次原始值(仅中位数, 见notes)",median,LEGATO linkage-based two-finger gripper + FORTE fin-ray fingers (UT Austin),FORTE tactile fin-ray fingers (force+slip sensing),ExpForce_official_v1,N,H-E-B_Pink_Salt_refill.png,"Exp-Force(UT Austin, arXiv:2603.08668)实测最小力; 最大力=类别系数x实测最小力","力值语义=两指总夹持力(论文原文: sum of the contact normal forces of two parallel gripper fingers); 单指力换算规则: F_single = F_total / 2 (不静默转换, 双列并存); k=5.0"
E095,Tomato soup can,刚体,349.0,2.5,N,total_two_finger_normal,1.250,12.5,10.0,total,"自适应力控(0.25N起步,滑落收紧约2mm直至不滑); 每物体3次试验取中位数, 取整到0.25N; 举升5cm@0.5cm/s验证不滑(来源: 论文Sec III-A)",3,"官方未发布逐次原始值(仅中位数, 见notes)",median,LEGATO linkage-based two-finger gripper + FORTE fin-ray fingers (UT Austin),FORTE tactile fin-ray fingers (force+slip sensing),ExpForce_official_v1,N,Tomato_soup_can.png,"Exp-Force(UT Austin, arXiv:2603.08668)实测最小力; 最大力=类别系数x实测最小力","力值语义=两指总夹持力(论文原文: sum of the contact normal forces of two parallel gripper fingers); 单指力换算规则: F_single = F_total / 2 (不静默转换, 双列并存); k=5.0"
E096,H-E-B Vitamins Melatonin 5 mg Gummies - Strawberry,刚体,394.0,1.5,N,total_two_finger_normal,0.750,7.5,6.0,total,"自适应力控(0.25N起步,滑落收紧约2mm直至不滑); 每物体3次试验取中位数, 取整到0.25N; 举升5cm@0.5cm/s验证不滑(来源: 论文Sec III-A)",3,"官方未发布逐次原始值(仅中位数, 见notes)",median,LEGATO linkage-based two-finger gripper + FORTE fin-ray fingers (UT Austin),FORTE tactile fin-ray fingers (force+slip sensing),ExpForce_official_v1,N,H-E-B_Vitamins_Melatonin_5_mg_Gummies_-_Strawberry.png,"Exp-Force(UT Austin, arXiv:2603.08668)实测最小力; 最大力=类别系数x实测最小力","力值语义=两指总夹持力(论文原文: sum of the contact normal forces of two parallel gripper fingers); 单指力换算规则: F_single = F_total / 2 (不静默转换, 双列并存); k=5.0"
E097,Nutella jar,刚体,416.0,2.0,N,total_two_finger_normal,1.000,10.0,8.0,total,"自适应力控(0.25N起步,滑落收紧约2mm直至不滑); 每物体3次试验取中位数, 取整到0.25N; 举升5cm@0.5cm/s验证不滑(来源: 论文Sec III-A)",3,"官方未发布逐次原始值(仅中位数, 见notes)",median,LEGATO linkage-based two-finger gripper + FORTE fin-ray fingers (UT Austin),FORTE tactile fin-ray fingers (force+slip sensing),ExpForce_official_v1,N,Nutella_jar.png,"Exp-Force(UT Austin, arXiv:2603.08668)实测最小力; 最大力=类别系数x实测最小力","力值语义=两指总夹持力(论文原文: sum of the contact normal forces of two parallel gripper fingers); 单指力换算规则: F_single = F_total / 2 (不静默转换, 双列并存); k=5.0"
E098,Morton salt container,刚体,794.0,4.5,N,total_two_finger_normal,2.250,22.5,18.0,total,"自适应力控(0.25N起步,滑落收紧约2mm直至不滑); 每物体3次试验取中位数, 取整到0.25N; 举升5cm@0.5cm/s验证不滑(来源: 论文Sec III-A)",3,"官方未发布逐次原始值(仅中位数, 见notes)",median,LEGATO linkage-based two-finger gripper + FORTE fin-ray fingers (UT Austin),FORTE tactile fin-ray fingers (force+slip sensing),ExpForce_official_v1,N,Morton_salt_container.png,"Exp-Force(UT Austin, arXiv:2603.08668)实测最小力; 最大力=类别系数x实测最小力","力值语义=两指总夹持力(论文原文: sum of the contact normal forces of two parallel gripper fingers); 单指力换算规则: F_single = F_total / 2 (不静默转换, 双列并存); k=5.0"
E099,Monster Energy drink,刚体,511.0,2.0,N,total_two_finger_normal,1.000,10.0,8.0,total,"自适应力控(0.25N起步,滑落收紧约2mm直至不滑); 每物体3次试验取中位数, 取整到0.25N; 举升5cm@0.5cm/s验证不滑(来源: 论文Sec III-A)",3,"官方未发布逐次原始值(仅中位数, 见notes)",median,LEGATO linkage-based two-finger gripper + FORTE fin-ray fingers (UT Austin),FORTE tactile fin-ray fingers (force+slip sensing),ExpForce_official_v1,N,Monster_Energy_drink.png,"Exp-Force(UT Austin, arXiv:2603.08668)实测最小力; 最大力=类别系数x实测最小力","力值语义=两指总夹持力(论文原文: sum of the contact normal forces of two parallel gripper fingers); 单指力换算规则: F_single = F_total / 2 (不静默转换, 双列并存); k=5.0"
E100,StarKist tuna can,刚体,175.0,1.5,N,total_two_finger_normal,0.750,7.5,6.0,total,"自适应力控(0.25N起步,滑落收紧约2mm直至不滑); 每物体3次试验取中位数, 取整到0.25N; 举升5cm@0.5cm/s验证不滑(来源: 论文Sec III-A)",3,"官方未发布逐次原始值(仅中位数, 见notes)",median,LEGATO linkage-based two-finger gripper + FORTE fin-ray fingers (UT Austin),FORTE tactile fin-ray fingers (force+slip sensing),ExpForce_official_v1,N,StarKist_tuna_can.png,"Exp-Force(UT Austin, arXiv:2603.08668)实测最小力; 最大力=类别系数x实测最小力","力值语义=两指总夹持力(论文原文: sum of the contact normal forces of two parallel gripper fingers); 单指力换算规则: F_single = F_total / 2 (不静默转换, 双列并存); k=5.0"
E101,Duct tape roll,刚体,123.0,1.0,N,total_two_finger_normal,0.500,5.0,4.0,total,"自适应力控(0.25N起步,滑落收紧约2mm直至不滑); 每物体3次试验取中位数, 取整到0.25N; 举升5cm@0.5cm/s验证不滑(来源: 论文Sec III-A)",3,"官方未发布逐次原始值(仅中位数, 见notes)",median,LEGATO linkage-based two-finger gripper + FORTE fin-ray fingers (UT Austin),FORTE tactile fin-ray fingers (force+slip sensing),ExpForce_official_v1,N,Duct_tape_roll.png,"Exp-Force(UT Austin, arXiv:2603.08668)实测最小力; 最大力=类别系数x实测最小力","力值语义=两指总夹持力(论文原文: sum of the contact normal forces of two parallel gripper fingers); 单指力换算规则: F_single = F_total / 2 (不静默转换, 双列并存); k=5.0"
E102,Red apple 3,柔性,220.0,2.0,N,total_two_finger_normal,1.000,6.0,4.0,total,"自适应力控(0.25N起步,滑落收紧约2mm直至不滑); 每物体3次试验取中位数, 取整到0.25N; 举升5cm@0.5cm/s验证不滑(来源: 论文Sec III-A)",3,"官方未发布逐次原始值(仅中位数, 见notes)",median,LEGATO linkage-based two-finger gripper + FORTE fin-ray fingers (UT Austin),FORTE tactile fin-ray fingers (force+slip sensing),ExpForce_official_v1,N,Red_apple_3.png,"Exp-Force(UT Austin, arXiv:2603.08668)实测最小力; 最大力=类别系数x实测最小力","力值语义=两指总夹持力(论文原文: sum of the contact normal forces of two parallel gripper fingers); 单指力换算规则: F_single = F_total / 2 (不静默转换, 双列并存); k=3.0"
E103,Orange 2,柔性,273.0,2.0,N,total_two_finger_normal,1.000,6.0,4.0,total,"自适应力控(0.25N起步,滑落收紧约2mm直至不滑); 每物体3次试验取中位数, 取整到0.25N; 举升5cm@0.5cm/s验证不滑(来源: 论文Sec III-A)",3,"官方未发布逐次原始值(仅中位数, 见notes)",median,LEGATO linkage-based two-finger gripper + FORTE fin-ray fingers (UT Austin),FORTE tactile fin-ray fingers (force+slip sensing),ExpForce_official_v1,N,Orange_2.png,"Exp-Force(UT Austin, arXiv:2603.08668)实测最小力; 最大力=类别系数x实测最小力","力值语义=两指总夹持力(论文原文: sum of the contact normal forces of two parallel gripper fingers); 单指力换算规则: F_single = F_total / 2 (不静默转换, 双列并存); k=3.0"
E104,OxiClean container (12 oz),刚体,413.0,3.0,N,total_two_finger_normal,1.500,15.0,12.0,total,"自适应力控(0.25N起步,滑落收紧约2mm直至不滑); 每物体3次试验取中位数, 取整到0.25N; 举升5cm@0.5cm/s验证不滑(来源: 论文Sec III-A)",3,"官方未发布逐次原始值(仅中位数, 见notes)",median,LEGATO linkage-based two-finger gripper + FORTE fin-ray fingers (UT Austin),FORTE tactile fin-ray fingers (force+slip sensing),ExpForce_official_v1,N,OxiClean_container_12_oz.png,"Exp-Force(UT Austin, arXiv:2603.08668)实测最小力; 最大力=类别系数x实测最小力","力值语义=两指总夹持力(论文原文: sum of the contact normal forces of two parallel gripper fingers); 单指力换算规则: F_single = F_total / 2 (不静默转换, 双列并存); k=5.0"
E105,Clorox toilet bleach cleaner bottle,刚体,801.0,3.25,N,total_two_finger_normal,1.625,16.25,13.0,total,"自适应力控(0.25N起步,滑落收紧约2mm直至不滑); 每物体3次试验取中位数, 取整到0.25N; 举升5cm@0.5cm/s验证不滑(来源: 论文Sec III-A)",3,"官方未发布逐次原始值(仅中位数, 见notes)",median,LEGATO linkage-based two-finger gripper + FORTE fin-ray fingers (UT Austin),FORTE tactile fin-ray fingers (force+slip sensing),ExpForce_official_v1,N,Clorox_toilet_bleach_cleaner_bottle.png,"Exp-Force(UT Austin, arXiv:2603.08668)实测最小力; 最大力=类别系数x实测最小力","力值语义=两指总夹持力(论文原文: sum of the contact normal forces of two parallel gripper fingers); 单指力换算规则: F_single = F_total / 2 (不静默转换, 双列并存); k=5.0"
E106,OxiClean stain remover (21.5 oz),刚体,733.0,5.0,N,total_two_finger_normal,2.500,25.0,20.0,total,"自适应力控(0.25N起步,滑落收紧约2mm直至不滑); 每物体3次试验取中位数, 取整到0.25N; 举升5cm@0.5cm/s验证不滑(来源: 论文Sec III-A)",3,"官方未发布逐次原始值(仅中位数, 见notes)",median,LEGATO linkage-based two-finger gripper + FORTE fin-ray fingers (UT Austin),FORTE tactile fin-ray fingers (force+slip sensing),ExpForce_official_v1,N,OxiClean_stain_remover_21.5_oz.png,"Exp-Force(UT Austin, arXiv:2603.08668)实测最小力; 最大力=类别系数x实测最小力","力值语义=两指总夹持力(论文原文: sum of the contact normal forces of two parallel gripper fingers); 单指力换算规则: F_single = F_total / 2 (不静默转换, 双列并存); k=5.0"
E107,Head & Shoulders shampoo bottle,刚体,431.0,2.0,N,total_two_finger_normal,1.000,10.0,8.0,total,"自适应力控(0.25N起步,滑落收紧约2mm直至不滑); 每物体3次试验取中位数, 取整到0.25N; 举升5cm@0.5cm/s验证不滑(来源: 论文Sec III-A)",3,"官方未发布逐次原始值(仅中位数, 见notes)",median,LEGATO linkage-based two-finger gripper + FORTE fin-ray fingers (UT Austin),FORTE tactile fin-ray fingers (force+slip sensing),ExpForce_official_v1,N,Head_and_Shoulders_shampoo_bottle.png,"Exp-Force(UT Austin, arXiv:2603.08668)实测最小力; 最大力=类别系数x实测最小力","力值语义=两指总夹持力(论文原文: sum of the contact normal forces of two parallel gripper fingers); 单指力换算规则: F_single = F_total / 2 (不静默转换, 双列并存); k=5.0"
E108,Glass Coca-Cola bottle,易碎,635.0,2.5,N,total_two_finger_normal,1.250,5.0,2.5,total,"自适应力控(0.25N起步,滑落收紧约2mm直至不滑); 每物体3次试验取中位数, 取整到0.25N; 举升5cm@0.5cm/s验证不滑(来源: 论文Sec III-A)",3,"官方未发布逐次原始值(仅中位数, 见notes)",median,LEGATO linkage-based two-finger gripper + FORTE fin-ray fingers (UT Austin),FORTE tactile fin-ray fingers (force+slip sensing),ExpForce_official_v1,N,Glass_Coca-Cola_bottle.png,"Exp-Force(UT Austin, arXiv:2603.08668)实测最小力; 最大力=类别系数x实测最小力","力值语义=两指总夹持力(论文原文: sum of the contact normal forces of two parallel gripper fingers); 单指力换算规则: F_single = F_total / 2 (不静默转换, 双列并存); k=2.0"
E109,Small bean paste tub,刚体,337.0,2.0,N,total_two_finger_normal,1.000,10.0,8.0,total,"自适应力控(0.25N起步,滑落收紧约2mm直至不滑); 每物体3次试验取中位数, 取整到0.25N; 举升5cm@0.5cm/s验证不滑(来源: 论文Sec III-A)",3,"官方未发布逐次原始值(仅中位数, 见notes)",median,LEGATO linkage-based two-finger gripper + FORTE fin-ray fingers (UT Austin),FORTE tactile fin-ray fingers (force+slip sensing),ExpForce_official_v1,N,Small_bean_paste_tub.png,"Exp-Force(UT Austin, arXiv:2603.08668)实测最小力; 最大力=类别系数x实测最小力","力值语义=两指总夹持力(论文原文: sum of the contact normal forces of two parallel gripper fingers); 单指力换算规则: F_single = F_total / 2 (不静默转换, 双列并存); k=5.0"
E110,Pocky snack box (Short-edge orientation),刚体,89.0,1.0,N,total_two_finger_normal,0.500,5.0,4.0,total,"自适应力控(0.25N起步,滑落收紧约2mm直至不滑); 每物体3次试验取中位数, 取整到0.25N; 举升5cm@0.5cm/s验证不滑(来源: 论文Sec III-A)",3,"官方未发布逐次原始值(仅中位数, 见notes)",median,LEGATO linkage-based two-finger gripper + FORTE fin-ray fingers (UT Austin),FORTE tactile fin-ray fingers (force+slip sensing),ExpForce_official_v1,N,Pocky_snack_box_Short-edge_orientation.png,"Exp-Force(UT Austin, arXiv:2603.08668)实测最小力; 最大力=类别系数x实测最小力","力值语义=两指总夹持力(论文原文: sum of the contact normal forces of two parallel gripper fingers); 单指力换算规则: F_single = F_total / 2 (不静默转换, 双列并存); k=5.0"
E111,Granulated sugar (32 oz),刚体,961.0,3.5,N,total_two_finger_normal,1.750,17.5,14.0,total,"自适应力控(0.25N起步,滑落收紧约2mm直至不滑); 每物体3次试验取中位数, 取整到0.25N; 举升5cm@0.5cm/s验证不滑(来源: 论文Sec III-A)",3,"官方未发布逐次原始值(仅中位数, 见notes)",median,LEGATO linkage-based two-finger gripper + FORTE fin-ray fingers (UT Austin),FORTE tactile fin-ray fingers (force+slip sensing),ExpForce_official_v1,N,Granulated_sugar_32_oz.png,"Exp-Force(UT Austin, arXiv:2603.08668)实测最小力; 最大力=类别系数x实测最小力","力值语义=两指总夹持力(论文原文: sum of the contact normal forces of two parallel gripper fingers); 单指力换算规则: F_single = F_total / 2 (不静默转换, 双列并存); k=5.0"
E112,Little Debbie Swiss Rolls box,刚体,641.0,2.0,N,total_two_finger_normal,1.000,10.0,8.0,total,"自适应力控(0.25N起步,滑落收紧约2mm直至不滑); 每物体3次试验取中位数, 取整到0.25N; 举升5cm@0.5cm/s验证不滑(来源: 论文Sec III-A)",3,"官方未发布逐次原始值(仅中位数, 见notes)",median,LEGATO linkage-based two-finger gripper + FORTE fin-ray fingers (UT Austin),FORTE tactile fin-ray fingers (force+slip sensing),ExpForce_official_v1,N,Little_Debbie_Swiss_Rolls_box.png,"Exp-Force(UT Austin, arXiv:2603.08668)实测最小力; 最大力=类别系数x实测最小力","力值语义=两指总夹持力(论文原文: sum of the contact normal forces of two parallel gripper fingers); 单指力换算规则: F_single = F_total / 2 (不静默转换, 双列并存); k=5.0"
E113,Toothpaste box,刚体,133.0,1.5,N,total_two_finger_normal,0.750,7.5,6.0,total,"自适应力控(0.25N起步,滑落收紧约2mm直至不滑); 每物体3次试验取中位数, 取整到0.25N; 举升5cm@0.5cm/s验证不滑(来源: 论文Sec III-A)",3,"官方未发布逐次原始值(仅中位数, 见notes)",median,LEGATO linkage-based two-finger gripper + FORTE fin-ray fingers (UT Austin),FORTE tactile fin-ray fingers (force+slip sensing),ExpForce_official_v1,N,Toothpaste_box.png,"Exp-Force(UT Austin, arXiv:2603.08668)实测最小力; 最大力=类别系数x实测最小力","力值语义=两指总夹持力(论文原文: sum of the contact normal forces of two parallel gripper fingers); 单指力换算规则: F_single = F_total / 2 (不静默转换, 双列并存); k=5.0"
E114,Red plastic cup,柔性,14.0,0.25,N,total_two_finger_normal,0.125,0.75,0.5,total,"自适应力控(0.25N起步,滑落收紧约2mm直至不滑); 每物体3次试验取中位数, 取整到0.25N; 举升5cm@0.5cm/s验证不滑(来源: 论文Sec III-A)",3,"官方未发布逐次原始值(仅中位数, 见notes)",median,LEGATO linkage-based two-finger gripper + FORTE fin-ray fingers (UT Austin),FORTE tactile fin-ray fingers (force+slip sensing),ExpForce_official_v1,N,Red_plastic_cup.png,"Exp-Force(UT Austin, arXiv:2603.08668)实测最小力; 最大力=类别系数x实测最小力","力值语义=两指总夹持力(论文原文: sum of the contact normal forces of two parallel gripper fingers); 单指力换算规则: F_single = F_total / 2 (不静默转换, 双列并存); k=3.0"
E115,Plastic shot cup (2 oz),刚体,2.0,0.25,N,total_two_finger_normal,0.125,1.25,1.0,total,"自适应力控(0.25N起步,滑落收紧约2mm直至不滑); 每物体3次试验取中位数, 取整到0.25N; 举升5cm@0.5cm/s验证不滑(来源: 论文Sec III-A)",3,"官方未发布逐次原始值(仅中位数, 见notes)",median,LEGATO linkage-based two-finger gripper + FORTE fin-ray fingers (UT Austin),FORTE tactile fin-ray fingers (force+slip sensing),ExpForce_official_v1,N,Plastic_shot_cup_2_oz.png,"Exp-Force(UT Austin, arXiv:2603.08668)实测最小力; 最大力=类别系数x实测最小力","力值语义=两指总夹持力(论文原文: sum of the contact normal forces of two parallel gripper fingers); 单指力换算规则: F_single = F_total / 2 (不静默转换, 双列并存); k=5.0"
E116,Glass tumbler,易碎,286.0,1.5,N,total_two_finger_normal,0.750,3.0,1.5,total,"自适应力控(0.25N起步,滑落收紧约2mm直至不滑); 每物体3次试验取中位数, 取整到0.25N; 举升5cm@0.5cm/s验证不滑(来源: 论文Sec III-A)",3,"官方未发布逐次原始值(仅中位数, 见notes)",median,LEGATO linkage-based two-finger gripper + FORTE fin-ray fingers (UT Austin),FORTE tactile fin-ray fingers (force+slip sensing),ExpForce_official_v1,N,Glass_tumbler.png,"Exp-Force(UT Austin, arXiv:2603.08668)实测最小力; 最大力=类别系数x实测最小力","力值语义=两指总夹持力(论文原文: sum of the contact normal forces of two parallel gripper fingers); 单指力换算规则: F_single = F_total / 2 (不静默转换, 双列并存); k=2.0"
E117,Margarita glass,易碎,274.0,1.0,N,total_two_finger_normal,0.500,2.0,1.0,total,"自适应力控(0.25N起步,滑落收紧约2mm直至不滑); 每物体3次试验取中位数, 取整到0.25N; 举升5cm@0.5cm/s验证不滑(来源: 论文Sec III-A)",3,"官方未发布逐次原始值(仅中位数, 见notes)",median,LEGATO linkage-based two-finger gripper + FORTE fin-ray fingers (UT Austin),FORTE tactile fin-ray fingers (force+slip sensing),ExpForce_official_v1,N,Margarita_glass.png,"Exp-Force(UT Austin, arXiv:2603.08668)实测最小力; 最大力=类别系数x实测最小力","力值语义=两指总夹持力(论文原文: sum of the contact normal forces of two parallel gripper fingers); 单指力换算规则: F_single = F_total / 2 (不静默转换, 双列并存); k=2.0"
E118,Champagne glass,易碎,204.0,1.0,N,total_two_finger_normal,0.500,2.0,1.0,total,"自适应力控(0.25N起步,滑落收紧约2mm直至不滑); 每物体3次试验取中位数, 取整到0.25N; 举升5cm@0.5cm/s验证不滑(来源: 论文Sec III-A)",3,"官方未发布逐次原始值(仅中位数, 见notes)",median,LEGATO linkage-based two-finger gripper + FORTE fin-ray fingers (UT Austin),FORTE tactile fin-ray fingers (force+slip sensing),ExpForce_official_v1,N,Champagne_glass.png,"Exp-Force(UT Austin, arXiv:2603.08668)实测最小力; 最大力=类别系数x实测最小力","力值语义=两指总夹持力(论文原文: sum of the contact normal forces of two parallel gripper fingers); 单指力换算规则: F_single = F_total / 2 (不静默转换, 双列并存); k=2.0"
E119,Wine glass,易碎,245.0,1.0,N,total_two_finger_normal,0.500,2.0,1.0,total,"自适应力控(0.25N起步,滑落收紧约2mm直至不滑); 每物体3次试验取中位数, 取整到0.25N; 举升5cm@0.5cm/s验证不滑(来源: 论文Sec III-A)",3,"官方未发布逐次原始值(仅中位数, 见notes)",median,LEGATO linkage-based two-finger gripper + FORTE fin-ray fingers (UT Austin),FORTE tactile fin-ray fingers (force+slip sensing),ExpForce_official_v1,N,Wine_glass.png,"Exp-Force(UT Austin, arXiv:2603.08668)实测最小力; 最大力=类别系数x实测最小力","力值语义=两指总夹持力(论文原文: sum of the contact normal forces of two parallel gripper fingers); 单指力换算规则: F_single = F_total / 2 (不静默转换, 双列并存); k=2.0"
E120,Ceramic mug,易碎,424.0,1.5,N,total_two_finger_normal,0.750,3.0,1.5,total,"自适应力控(0.25N起步,滑落收紧约2mm直至不滑); 每物体3次试验取中位数, 取整到0.25N; 举升5cm@0.5cm/s验证不滑(来源: 论文Sec III-A)",3,"官方未发布逐次原始值(仅中位数, 见notes)",median,LEGATO linkage-based two-finger gripper + FORTE fin-ray fingers (UT Austin),FORTE tactile fin-ray fingers (force+slip sensing),ExpForce_official_v1,N,Ceramic_mug.png,"Exp-Force(UT Austin, arXiv:2603.08668)实测最小力; 最大力=类别系数x实测最小力","力值语义=两指总夹持力(论文原文: sum of the contact normal forces of two parallel gripper fingers); 单指力换算规则: F_single = F_total / 2 (不静默转换, 双列并存); k=2.0"
E121,Plastic mug,刚体,83.0,1.0,N,total_two_finger_normal,0.500,5.0,4.0,total,"自适应力控(0.25N起步,滑落收紧约2mm直至不滑); 每物体3次试验取中位数, 取整到0.25N; 举升5cm@0.5cm/s验证不滑(来源: 论文Sec III-A)",3,"官方未发布逐次原始值(仅中位数, 见notes)",median,LEGATO linkage-based two-finger gripper + FORTE fin-ray fingers (UT Austin),FORTE tactile fin-ray fingers (force+slip sensing),ExpForce_official_v1,N,Plastic_mug.png,"Exp-Force(UT Austin, arXiv:2603.08668)实测最小力; 最大力=类别系数x实测最小力","力值语义=两指总夹持力(论文原文: sum of the contact normal forces of two parallel gripper fingers); 单指力换算规则: F_single = F_total / 2 (不静默转换, 双列并存); k=5.0"
E122,Large marshmallow,柔性,21.0,0.25,N,total_two_finger_normal,0.125,0.75,0.5,total,"自适应力控(0.25N起步,滑落收紧约2mm直至不滑); 每物体3次试验取中位数, 取整到0.25N; 举升5cm@0.5cm/s验证不滑(来源: 论文Sec III-A)",3,"官方未发布逐次原始值(仅中位数, 见notes)",median,LEGATO linkage-based two-finger gripper + FORTE fin-ray fingers (UT Austin),FORTE tactile fin-ray fingers (force+slip sensing),ExpForce_official_v1,N,Large_marshmallow.png,"Exp-Force(UT Austin, arXiv:2603.08668)实测最小力; 最大力=类别系数x实测最小力","力值语义=两指总夹持力(论文原文: sum of the contact normal forces of two parallel gripper fingers); 单指力换算规则: F_single = F_total / 2 (不静默转换, 双列并存); k=3.0"
E123,Sweet bean paste (28oz),刚体,869.0,3.5,N,total_two_finger_normal,1.750,17.5,14.0,total,"自适应力控(0.25N起步,滑落收紧约2mm直至不滑); 每物体3次试验取中位数, 取整到0.25N; 举升5cm@0.5cm/s验证不滑(来源: 论文Sec III-A)",3,"官方未发布逐次原始值(仅中位数, 见notes)",median,LEGATO linkage-based two-finger gripper + FORTE fin-ray fingers (UT Austin),FORTE tactile fin-ray fingers (force+slip sensing),ExpForce_official_v1,N,Sweet_bean_paste_28oz.png,"Exp-Force(UT Austin, arXiv:2603.08668)实测最小力; 最大力=类别系数x实测最小力","力值语义=两指总夹持力(论文原文: sum of the contact normal forces of two parallel gripper fingers); 单指力换算规则: F_single = F_total / 2 (不静默转换, 双列并存); k=5.0"
E124,OnePlus Phone Charger Adapter,刚体,70.0,1.5,N,total_two_finger_normal,0.750,7.5,6.0,total,"自适应力控(0.25N起步,滑落收紧约2mm直至不滑); 每物体3次试验取中位数, 取整到0.25N; 举升5cm@0.5cm/s验证不滑(来源: 论文Sec III-A)",3,"官方未发布逐次原始值(仅中位数, 见notes)",median,LEGATO linkage-based two-finger gripper + FORTE fin-ray fingers (UT Austin),FORTE tactile fin-ray fingers (force+slip sensing),ExpForce_official_v1,N,OnePlus_Phone_Charger_Adapter.png,"Exp-Force(UT Austin, arXiv:2603.08668)实测最小力; 最大力=类别系数x实测最小力","力值语义=两指总夹持力(论文原文: sum of the contact normal forces of two parallel gripper fingers); 单指力换算规则: F_single = F_total / 2 (不静默转换, 双列并存); k=5.0"
E125,Generic Phone Charger Adapter,刚体,30.0,1.0,N,total_two_finger_normal,0.500,5.0,4.0,total,"自适应力控(0.25N起步,滑落收紧约2mm直至不滑); 每物体3次试验取中位数, 取整到0.25N; 举升5cm@0.5cm/s验证不滑(来源: 论文Sec III-A)",3,"官方未发布逐次原始值(仅中位数, 见notes)",median,LEGATO linkage-based two-finger gripper + FORTE fin-ray fingers (UT Austin),FORTE tactile fin-ray fingers (force+slip sensing),ExpForce_official_v1,N,Generic_Phone_Charger_Adapter.png,"Exp-Force(UT Austin, arXiv:2603.08668)实测最小力; 最大力=类别系数x实测最小力","力值语义=两指总夹持力(论文原文: sum of the contact normal forces of two parallel gripper fingers); 单指力换算规则: F_single = F_total / 2 (不静默转换, 双列并存); k=5.0"
E126,Apple MacBook Power Adapter,刚体,280.0,1.75,N,total_two_finger_normal,0.875,8.75,7.0,total,"自适应力控(0.25N起步,滑落收紧约2mm直至不滑); 每物体3次试验取中位数, 取整到0.25N; 举升5cm@0.5cm/s验证不滑(来源: 论文Sec III-A)",3,"官方未发布逐次原始值(仅中位数, 见notes)",median,LEGATO linkage-based two-finger gripper + FORTE fin-ray fingers (UT Austin),FORTE tactile fin-ray fingers (force+slip sensing),ExpForce_official_v1,N,Apple_MacBook_Power_Adapter.png,"Exp-Force(UT Austin, arXiv:2603.08668)实测最小力; 最大力=类别系数x实测最小力","力值语义=两指总夹持力(论文原文: sum of the contact normal forces of two parallel gripper fingers); 单指力换算规则: F_single = F_total / 2 (不静默转换, 双列并存); k=5.0"
E127,Generic AC Power Adapter,刚体,305.0,2.5,N,total_two_finger_normal,1.250,12.5,10.0,total,"自适应力控(0.25N起步,滑落收紧约2mm直至不滑); 每物体3次试验取中位数, 取整到0.25N; 举升5cm@0.5cm/s验证不滑(来源: 论文Sec III-A)",3,"官方未发布逐次原始值(仅中位数, 见notes)",median,LEGATO linkage-based two-finger gripper + FORTE fin-ray fingers (UT Austin),FORTE tactile fin-ray fingers (force+slip sensing),ExpForce_official_v1,N,Generic_AC_Power_Adapter.png,"Exp-Force(UT Austin, arXiv:2603.08668)实测最小力; 最大力=类别系数x实测最小力","力值语义=两指总夹持力(论文原文: sum of the contact normal forces of two parallel gripper fingers); 单指力换算规则: F_single = F_total / 2 (不静默转换, 双列并存); k=5.0"
E128,Umbrella (Folded),刚体,225.0,1.5,N,total_two_finger_normal,0.750,7.5,6.0,total,"自适应力控(0.25N起步,滑落收紧约2mm直至不滑); 每物体3次试验取中位数, 取整到0.25N; 举升5cm@0.5cm/s验证不滑(来源: 论文Sec III-A)",3,"官方未发布逐次原始值(仅中位数, 见notes)",median,LEGATO linkage-based two-finger gripper + FORTE fin-ray fingers (UT Austin),FORTE tactile fin-ray fingers (force+slip sensing),ExpForce_official_v1,N,Umbrella_Folded.png,"Exp-Force(UT Austin, arXiv:2603.08668)实测最小力; 最大力=类别系数x实测最小力","力值语义=两指总夹持力(论文原文: sum of the contact normal forces of two parallel gripper fingers); 单指力换算规则: F_single = F_total / 2 (不静默转换, 双列并存); k=5.0"
E129,Handheld Power Drill,刚体,1384.0,7.0,N,total_two_finger_normal,3.500,35.0,28.0,total,"自适应力控(0.25N起步,滑落收紧约2mm直至不滑); 每物体3次试验取中位数, 取整到0.25N; 举升5cm@0.5cm/s验证不滑(来源: 论文Sec III-A)",3,"官方未发布逐次原始值(仅中位数, 见notes)",median,LEGATO linkage-based two-finger gripper + FORTE fin-ray fingers (UT Austin),FORTE tactile fin-ray fingers (force+slip sensing),ExpForce_official_v1,N,Handheld_Power_Drill.png,"Exp-Force(UT Austin, arXiv:2603.08668)实测最小力; 最大力=类别系数x实测最小力","力值语义=两指总夹持力(论文原文: sum of the contact normal forces of two parallel gripper fingers); 单指力换算规则: F_single = F_total / 2 (不静默转换, 双列并存); k=5.0"
